1510504434.19147,-0.11858399957418442,0.03513599932193756,1.038707971572876
1510504434.2032018,-0.04684799909591675,0.020495999604463577,0.9091439843177795
1510504434.221881,-0.010247999802231789,0.00878399983048439,0.9801479578018188
1510504434.2370367,-0.0058559998869895935,0.007319999858736992,0.9772199988365173
1510504434.2486823,-0.006587999872863293,0.00878399983048439,0.9684360027313232
1510504434.2638445,-0.007319999858736992,0.006587999872863293,0.9691680073738098
1510504434.2790248,-0.003659999929368496,0.00878399983048439,0.9698999524116516
1510504434.2906742,-0.004391999915242195,0.007319999858736992,0.9720959663391113
1510504434.3058324,-0.007319999858736992,0.005123999901115894,0.9684360027313232
1510504434.31748,-0.0058559998869895935,0.003659999929368496,0.9691680073738098
1510504434.332644,-0.005123999901115894,0.00878399983048439,0.9684360027313232
1510504434.3478012,-0.011711999773979187,-0.0,0.9684360027313232
1510504434.359466,-0.010979999788105488,0.0014639999717473984,0.9691680073738098
1510504434.3746293,-0.0029279999434947968,0.012443999759852886,0.9640439748764038
1510504434.3862753,-0.005123999901115894,0.012443999759852886,0.9662399888038635
1510504434.4014344,-0.008051999844610691,0.0058559998869895935,0.9720959663391113
1510504434.420108,-0.0058559998869895935,0.00951599981635809,0.9647759795188904
1510504434.4352677,-0.0058559998869895935,0.0058559998869895935,0.965507984161377
1510504434.4469132,-0.008051999844610691,0.006587999872863293,0.9677039980888367
1510504434.4620764,-0.007319999858736992,0.006587999872863293,0.9698999524116516
1510504434.477236,-0.00951599981635809,0.004391999915242195,0.9669719934463501
1510504434.4888809,-0.006587999872863293,0.0058559998869895935,0.9698999524116516
1510504434.5040412,-0.005123999901115894,0.006587999872863293,0.9698999524116516
1510504434.5156887,-0.0058559998869895935,0.004391999915242195,0.9662399888038635
1510504434.5308504,-0.007319999858736992,0.005123999901115894,0.9706319570541382
1510504434.546009,-0.008051999844610691,0.007319999858736992,0.9713639616966248
1510504434.5576549,-0.00878399983048439,0.006587999872863293,0.9713639616966248
1510504434.5728135,-0.007319999858736992,0.00878399983048439,0.9720959663391113
1510504434.5845037,-0.006587999872863293,0.00878399983048439,0.9698999524116516
1510504434.6050506,-0.007319999858736992,0.006587999872863293,0.9706319570541382
1510504434.6221159,-0.0058559998869895935,0.007319999858736992,0.9728279709815979
1510504434.63918,-0.00951599981635809,0.004391999915242195,0.9677039980888367
1510504434.656249,-0.00878399983048439,0.003659999929368496,0.974291980266571
1510504434.67335,-0.007319999858736992,0.006587999872863293,0.9720959663391113
1510504434.6904445,-0.0058559998869895935,0.004391999915242195,0.9706319570541382
1510504434.70751,-0.006587999872863293,0.00878399983048439,0.9728279709815979
1510504434.724573,-0.008051999844610691,0.007319999858736992,0.9706319570541382
1510504434.7416434,-0.00878399983048439,0.00951599981635809,0.9669719934463501
1510504434.7587104,-0.0058559998869895935,0.006587999872863293,0.9713639616966248
1510504434.7757773,-0.004391999915242195,0.003659999929368496,0.9735599756240845
1510504434.792872,-0.005123999901115894,0.003659999929368496,0.9728279709815979
1510504434.809942,-0.007319999858736992,0.0058559998869895935,0.9757559895515442
1510504434.8270066,-0.007319999858736992,0.00951599981635809,0.9764879941940308
1510504434.8441002,-0.005123999901115894,0.00878399983048439,0.9728279709815979
1510504434.8611708,-0.0058559998869895935,0.005123999901115894,0.9764879941940308
1510504434.8782382,-0.006587999872863293,0.005123999901115894,0.9713639616966248
1510504434.89533,-0.0058559998869895935,0.007319999858736992,0.974291980266571
1510504434.9162025,-0.006587999872863293,0.007319999858736992,0.9757559895515442
1510504434.9332714,-0.007319999858736992,0.005123999901115894,0.9757559895515442
1510504434.9503396,-0.004391999915242195,0.004391999915242195,0.9779520034790039
1510504434.9674027,-0.006587999872863293,0.0058559998869895935,0.9750239849090576
1510504434.9844656,-0.004391999915242195,0.00878399983048439,0.974291980266571
1510504435.0016038,-0.005123999901115894,0.004391999915242195,0.9772199988365173
1510504435.0186682,-0.004391999915242195,0.005123999901115894,0.974291980266571
1510504435.03574,-0.008051999844610691,0.006587999872863293,0.9801479578018188
1510504435.0528088,-0.006587999872863293,0.006587999872863293,0.9750239849090576
1510504435.0698738,-0.010979999788105488,0.0058559998869895935,0.9750239849090576
1510504435.0869362,-0.004391999915242195,0.005123999901115894,0.9757559895515442
1510504435.104065,-0.0058559998869895935,0.005123999901115894,0.9757559895515442
1510504435.1211402,-0.0058559998869895935,0.00878399983048439,0.974291980266571
1510504435.1382022,-0.006587999872863293,0.0058559998869895935,0.9764879941940308
1510504435.1552694,-0.0058559998869895935,0.005123999901115894,0.9735599756240845
1510504435.1723404,-0.00878399983048439,0.0058559998869895935,0.9772199988365173
1510504435.1894586,-0.00951599981635809,0.007319999858736992,0.9779520034790039
1510504435.2065284,-0.0058559998869895935,0.007319999858736992,0.9779520034790039
1510504435.2235918,-0.006587999872863293,0.007319999858736992,0.981611967086792
1510504435.2406595,-0.006587999872863293,0.007319999858736992,0.9772199988365173
1510504435.257725,-0.005123999901115894,0.0029279999434947968,0.9794159531593323
1510504435.2747245,-0.005123999901115894,0.005123999901115894,0.9750239849090576
1510504435.2918358,-0.0058559998869895935,0.010247999802231789,0.9764879941940308
1510504435.3089,-0.0058559998869895935,0.007319999858736992,0.9999119639396667
1510504435.325965,-0.00951599981635809,0.005123999901115894,0.9808799624443054
1510504435.3430333,-0.006587999872863293,0.004391999915242195,0.9728279709815979
1510504435.3639035,-0.0058559998869895935,0.005123999901115894,0.9779520034790039
1510504435.3809752,-0.005123999901115894,0.007319999858736992,0.9801479578018188
1510504435.3980649,-0.005123999901115894,0.006587999872863293,0.9728279709815979
1510504435.4151306,-0.0058559998869895935,-0.0,0.9830759763717651
1510504435.43219,-0.006587999872863293,0.003659999929368496,0.9750239849090576
1510504435.4492476,-0.0058559998869895935,0.004391999915242195,0.9794159531593323
1510504435.4663103,-0.008051999844610691,0.00878399983048439,0.9786840081214905
1510504435.483372,-0.0058559998869895935,0.004391999915242195,0.9823439717292786
1510504435.5039709,-0.0058559998869895935,0.005123999901115894,0.9808799624443054
1510504435.5214329,-0.005123999901115894,0.010247999802231789,0.9823439717292786
1510504435.5422814,-0.003659999929368496,0.00878399983048439,0.9838079810142517
1510504435.5591798,-0.005123999901115894,0.008051999844610691,0.9830759763717651
1510504435.5761168,-0.004391999915242195,0.004391999915242195,0.9808799624443054
1510504435.5931654,-0.0058559998869895935,0.0058559998869895935,0.9772199988365173
1510504435.6101785,-0.006587999872863293,0.004391999915242195,0.9808799624443054
1510504435.6271248,-0.005123999901115894,0.007319999858736992,0.9823439717292786
1510504435.6440818,-0.006587999872863293,0.00878399983048439,0.9801479578018188
1510504435.6649342,-0.006587999872863293,0.005123999901115894,0.9845399856567383
1510504435.6819828,-0.005123999901115894,0.0058559998869895935,0.9772199988365173
1510504435.6990604,-0.0029279999434947968,0.008051999844610691,0.9838079810142517
1510504435.7161045,-0.004391999915242195,0.007319999858736992,0.9852719902992249
1510504435.7331512,-0.005123999901115894,0.006587999872863293,0.9823439717292786
1510504435.7501972,-0.005123999901115894,0.0058559998869895935,0.9845399856567383
1510504435.76728,-0.006587999872863293,0.003659999929368496,0.9830759763717651
1510504435.7843251,-0.006587999872863293,0.004391999915242195,0.9830759763717651
1510504435.8013852,-0.005123999901115894,0.004391999915242195,0.981611967086792
1510504435.8184028,-0.006587999872863293,0.0029279999434947968,0.9838079810142517
1510504435.8354268,-0.0058559998869895935,0.0058559998869895935,0.9808799624443054
1510504435.8524556,-0.005123999901115894,0.006587999872863293,0.9823439717292786
1510504435.8706648,-0.004391999915242195,0.011711999773979187,0.9830759763717651
1510504435.8877058,-0.0058559998869895935,0.012443999759852886,0.9801479578018188
1510504435.9047813,-0.005123999901115894,0.006587999872863293,0.9823439717292786
1510504435.9218056,-0.006587999872863293,0.007319999858736992,0.9823439717292786
1510504435.9388204,-0.0058559998869895935,0.0058559998869895935,0.9823439717292786
1510504435.9558501,-0.00878399983048439,0.003659999929368496,0.9845399856567383
1510504435.9728794,-0.00878399983048439,0.0029279999434947968,0.9830759763717651
1510504435.9899008,-0.007319999858736992,0.004391999915242195,0.9808799624443054
1510504436.0069478,-0.004391999915242195,0.006587999872863293,0.986735999584198
1510504436.0239794,-0.003659999929368496,0.00878399983048439,0.9860039949417114
1510504436.0410066,-0.005123999901115894,0.0058559998869895935,0.986735999584198
1510504436.058027,-0.0058559998869895935,0.004391999915242195,0.986735999584198
1510504436.075049,-0.005123999901115894,0.007319999858736992,0.9801479578018188
1510504436.0920732,-0.011711999773979187,0.011711999773979187,0.9808799624443054
1510504436.1091223,-0.00878399983048439,0.010979999788105488,0.981611967086792
1510504436.1299646,-0.0058559998869895935,0.008051999844610691,0.9808799624443054
1510504436.1469836,-0.0058559998869895935,0.0058559998869895935,0.9889319539070129
1510504436.1640105,-0.005123999901115894,0.004391999915242195,0.9852719902992249
1510504436.1810374,-0.007319999858736992,0.004391999915242195,0.9823439717292786
1510504436.1980813,-0.007319999858736992,0.0058559998869895935,0.9852719902992249
1510504436.2151158,-0.0058559998869895935,0.0058559998869895935,0.981611967086792
1510504436.2321517,-0.0058559998869895935,0.00878399983048439,0.986735999584198
1510504436.2491727,-0.0058559998869895935,0.006587999872863293,0.9874680042266846
1510504436.2662013,-0.00878399983048439,0.0058559998869895935,0.9874680042266846
1510504436.2832215,-0.006587999872863293,0.0058559998869895935,0.9823439717292786
1510504436.300243,-0.00878399983048439,0.005123999901115894,0.9860039949417114
1510504436.3172674,-0.0058559998869895935,0.00951599981635809,0.9808799624443054
1510504436.3342893,-0.005123999901115894,0.006587999872863293,0.9896639585494995
1510504436.3513129,-0.004391999915242195,0.005123999901115894,0.9874680042266846
1510504436.3683283,-0.0058559998869895935,0.006587999872863293,0.9823439717292786
1510504436.3853476,-0.0058559998869895935,0.006587999872863293,0.9838079810142517
1510504436.4023705,-0.007319999858736992,0.007319999858736992,0.9772199988365173
1510504436.4194236,-0.00951599981635809,0.0029279999434947968,0.986735999584198
1510504436.4364448,-0.0058559998869895935,0.00951599981635809,0.9823439717292786
1510504436.4534655,-0.006587999872863293,0.010247999802231789,0.9911279678344727
1510504436.474288,-0.004391999915242195,0.003659999929368496,0.9823439717292786
1510504436.4913158,-0.006587999872863293,0.00878399983048439,0.9808799624443054
1510504436.5083573,-0.008051999844610691,0.008051999844610691,0.9896639585494995
1510504436.525388,-0.011711999773979187,0.007319999858736992,0.9896639585494995
1510504436.5424168,-0.010247999802231789,0.005123999901115894,0.9852719902992249
1510504436.5594566,-0.004391999915242195,0.004391999915242195,0.9823439717292786
1510504436.5764966,-0.0029279999434947968,0.003659999929368496,0.9823439717292786
1510504436.593522,-0.004391999915242195,0.005123999901115894,0.9860039949417114
1510504436.6105802,-0.0029279999434947968,0.007319999858736992,0.9882000088691711
1510504436.6276023,-0.008051999844610691,0.006587999872863293,0.9852719902992249
1510504436.6446238,-0.010247999802231789,0.008051999844610691,0.9874680042266846
1510504436.661651,-0.013175999745726585,0.003659999929368496,0.9874680042266846
1510504436.6786742,-0.0058559998869895935,0.0058559998869895935,0.9874680042266846
1510504436.6956937,-0.005123999901115894,0.004391999915242195,0.9882000088691711
1510504436.7127454,-0.0029279999434947968,0.006587999872863293,0.9845399856567383
1510504436.7298088,-0.004391999915242195,0.006587999872863293,0.9838079810142517
1510504436.7468278,-0.003659999929368496,0.003659999929368496,0.9823439717292786
1510504436.7638469,-0.005123999901115894,0.003659999929368496,0.986735999584198
1510504436.7808726,-0.00951599981635809,0.005123999901115894,0.9874680042266846
1510504436.7978911,-0.00878399983048439,0.005123999901115894,0.9845399856567383
1510504436.8149397,-0.008051999844610691,0.012443999759852886,0.9882000088691711
1510504436.8357687,-0.00878399983048439,0.0058559998869895935,0.9882000088691711
1510504436.8528113,-0.005123999901115894,0.006587999872863293,0.9860039949417114
1510504436.8698761,-0.0029279999434947968,0.003659999929368496,0.9852719902992249
1510504436.8869073,-0.0029279999434947968,0.003659999929368496,0.9838079810142517
1510504436.9039614,-0.005123999901115894,0.005123999901115894,0.986735999584198
1510504436.9209957,-0.006587999872863293,0.007319999858736992,0.9874680042266846
1510504436.9380372,-0.00878399983048439,0.00951599981635809,0.9830759763717651
1510504436.9551241,-0.007319999858736992,0.010247999802231789,0.9933239817619324
1510504436.9721818,-0.006587999872863293,0.005123999901115894,0.9860039949417114
1510504436.9892294,-0.008051999844610691,0.006587999872863293,0.9955199956893921
1510504437.0063014,-0.00878399983048439,0.008051999844610691,0.9882000088691711
1510504437.023365,-0.006587999872863293,0.008051999844610691,0.9874680042266846
1510504437.0404167,-0.0029279999434947968,0.003659999929368496,0.9911279678344727
1510504437.0574622,-0.005123999901115894,0.003659999929368496,0.9882000088691711
1510504437.07451,-0.004391999915242195,0.004391999915242195,0.9925919771194458
1510504437.091574,-0.005123999901115894,0.005123999901115894,0.9911279678344727
1510504437.108641,-0.008051999844610691,0.007319999858736992,0.9698999524116516
1510504437.125697,-0.0058559998869895935,0.0058559998869895935,0.9845399856567383
1510504437.1427474,-0.004391999915242195,0.00951599981635809,0.9918599724769592
1510504437.1598475,-0.013907999731600285,0.014639999717473984,0.9896639585494995
1510504437.1769025,-0.00951599981635809,0.011711999773979187,0.9808799624443054
1510504437.1939533,-0.010247999802231789,0.006587999872863293,0.9830759763717651
1510504437.2110333,-0.007319999858736992,0.003659999929368496,0.9896639585494995
1510504437.2280798,-0.004391999915242195,0.0021959999576210976,0.9896639585494995
1510504437.2489376,-0.004391999915242195,0.004391999915242195,0.9830759763717651
1510504437.2659855,-0.003659999929368496,0.0058559998869895935,0.9830759763717651
1510504437.283036,-0.003659999929368496,0.007319999858736992,0.9852719902992249
1510504437.3000803,-0.004391999915242195,0.012443999759852886,0.9889319539070129
1510504437.317153,-0.0058559998869895935,0.011711999773979187,0.9852719902992249
1510504437.3342035,-0.007319999858736992,0.012443999759852886,0.9860039949417114
1510504437.3512552,-0.011711999773979187,0.008051999844610691,0.9830759763717651
1510504437.3683188,-0.00878399983048439,0.0058559998869895935,0.9889319539070129
1510504437.3853679,-0.0058559998869895935,0.003659999929368496,0.9874680042266846
1510504437.4024222,-0.005123999901115894,0.003659999929368496,0.9874680042266846
1510504437.4194942,-0.004391999915242195,0.003659999929368496,0.9911279678344727
1510504437.4365463,-0.0021959999576210976,0.004391999915242195,0.9882000088691711
1510504437.4535966,-0.0058559998869895935,0.010979999788105488,0.9874680042266846
1510504437.4706483,-0.00951599981635809,0.012443999759852886,0.9896639585494995
1510504437.4876945,-0.012443999759852886,0.016103999689221382,0.9889319539070129
1510504437.504748,-0.011711999773979187,0.007319999858736992,0.9874680042266846
1510504437.5218213,-0.010247999802231789,0.006587999872863293,0.9852719902992249
1510504437.5388658,-0.004391999915242195,0.004391999915242195,0.9874680042266846
1510504437.5559125,-0.0058559998869895935,0.004391999915242195,0.9889319539070129
1510504437.572969,-0.003659999929368496,0.003659999929368496,0.9852719902992249
1510504437.590024,-0.003659999929368496,0.005123999901115894,0.9860039949417114
1510504437.6070662,-0.007319999858736992,0.004391999915242195,0.9515999555587769
1510504437.6244476,-0.014639999717473984,0.011711999773979187,0.9596520066261292
1510504437.6415155,-0.004391999915242195,0.010247999802231789,1.0013760328292847
1510504437.6585634,-0.008051999844610691,0.004391999915242195,0.9918599724769592
1510504437.6794243,-0.0029279999434947968,0.010979999788105488,0.981611967086792
1510504437.6964724,-0.0029279999434947968,0.008051999844610691,0.9882000088691711
1510504437.7135212,-0.003659999929368496,0.0058559998869895935,0.9911279678344727
1510504437.7306037,-0.005123999901115894,0.0058559998869895935,0.9947879910469055
1510504437.7476518,-0.010247999802231789,0.0058559998869895935,0.9882000088691711
1510504437.764702,-0.010979999788105488,0.0058559998869895935,0.9838079810142517
1510504437.7817616,-0.010979999788105488,0.004391999915242195,0.9852719902992249
1510504437.7988083,-0.00951599981635809,0.004391999915242195,0.9750239849090576
1510504437.8159292,-0.0058559998869895935,0.0058559998869895935,0.9896639585494995
1510504437.8330193,-0.00878399983048439,0.0021959999576210976,0.9903959631919861
1510504437.85007,-0.0029279999434947968,0.18373200297355652,0.9889319539070129
1510504437.867119,-0.003659999929368496,0.00951599981635809,0.9896639585494995
1510504437.8841693,-0.005123999901115894,0.01903199963271618,0.9874680042266846
1510504437.9012182,-0.0058559998869895935,0.015371999703347683,0.9845399856567383
1510504437.918292,-0.004391999915242195,0.00878399983048439,0.9852719902992249
1510504437.9353566,-0.005123999901115894,0.003659999929368496,0.9889319539070129
1510504437.9524086,-0.007319999858736992,0.004391999915242195,0.9903959631919861
1510504437.9694543,-0.011711999773979187,0.003659999929368496,0.981611967086792
1510504437.986501,-0.014639999717473984,0.003659999929368496,0.9823439717292786
1510504438.0035503,-0.00878399983048439,0.004391999915242195,0.9874680042266846
1510504438.0206258,-0.0058559998869895935,0.005123999901115894,0.986735999584198
1510504438.0376723,-0.0029279999434947968,0.004391999915242195,0.9918599724769592
1510504438.0547216,-0.003659999929368496,0.011711999773979187,0.9860039949417114
1510504438.071771,-0.003659999929368496,0.016103999689221382,0.986735999584198
1510504438.0926673,-0.00951599981635809,0.010247999802231789,0.986735999584198
1510504438.1097503,-0.013907999731600285,0.003659999929368496,0.986735999584198
1510504438.1268244,-0.010979999788105488,0.0029279999434947968,0.9852719902992249
1510504438.1438718,-0.008051999844610691,0.0021959999576210976,0.9838079810142517
1510504438.1609254,-0.004391999915242195,0.005123999901115894,0.9925919771194458
1510504438.1779702,-0.005123999901115894,0.010247999802231789,0.9947879910469055
1510504438.1950169,-0.003659999929368496,0.00951599981635809,0.9889319539070129
1510504438.21207,-0.003659999929368496,0.010979999788105488,0.9845399856567383
1510504438.229143,-0.0058559998869895935,0.005123999901115894,0.981611967086792
1510504438.2461934,-0.016835998743772507,0.012443999759852886,0.9786840081214905
1510504438.2632453,-0.016103999689221382,0.013907999731600285,0.9925919771194458
1510504438.280295,-0.006587999872863293,0.00951599981635809,1.0086959600448608
1510504438.297337,0.00878399983048439,0.003659999929368496,1.0035719871520996
1510504438.3144174,0.02122800052165985,-0.18519599735736847,0.986735999584198
1510504438.331493,0.012443999759852886,0.0029279999434947968,0.9728279709815979
1510504438.348543,-0.003659999929368496,0.005123999901115894,0.974291980266571
1510504438.3655884,-0.030743999406695366,0.008051999844610691,0.9750239849090576
1510504438.3826447,-0.049775999039411545,0.013175999745726585,0.9838079810142517
1510504438.399736,-0.04025999829173088,0.00951599981635809,0.9903959631919861
1510504438.4167943,-0.01903199963271618,0.0029279999434947968,0.9925919771194458
1510504438.4338703,-0.004391999915242195,0.0029279999434947968,0.9896639585494995
1510504438.450923,0.00878399983048439,0.0029279999434947968,0.9772199988365173
1510504438.467996,0.016103999689221382,0.008051999844610691,0.9896639585494995
1510504438.4850411,0.0058559998869895935,0.014639999717473984,0.994055986404419
1510504438.5020902,-0.0021959999576210976,0.00951599981635809,0.9874680042266846
1510504438.5229723,-0.018300000578165054,0.0021959999576210976,0.9830759763717651
1510504438.5400531,-0.03147599846124649,0.0029279999434947968,0.9684360027313232
1510504438.5571012,-0.030743999406695366,0.006587999872863293,0.986735999584198
1510504438.5741475,-0.0226919986307621,0.010979999788105488,0.9911279678344727
1510504438.5912313,-0.003659999929368496,0.00951599981635809,0.9896639585494995
1510504438.608274,0.004391999915242195,0.010979999788105488,0.9889319539070129
1510504438.6253548,0.010979999788105488,0.008051999844610691,0.986735999584198
1510504438.6424067,-0.0014639999717473984,0.004391999915242195,0.9882000088691711
1510504438.6594574,-0.007319999858736992,0.004391999915242195,0.9889319539070129
1510504438.6765096,-0.013907999731600285,0.004391999915242195,0.9889319539070129
1510504438.6935673,-0.016835998743772507,0.006587999872863293,0.994055986404419
1510504438.7106214,-0.018300000578165054,0.010979999788105488,0.9882000088691711
1510504438.7276957,-0.007319999858736992,0.00878399983048439,0.9889319539070129
1510504438.7447522,-0.0029279999434947968,0.007319999858736992,0.9889319539070129
1510504438.7618015,-0.0,0.006587999872863293,0.9896639585494995
1510504438.7788422,-0.0014639999717473984,0.0058559998869895935,0.9896639585494995
1510504438.795894,-0.003659999929368496,0.006587999872863293,0.9852719902992249
1510504438.8129835,-0.013175999745726585,0.0058559998869895935,0.9874680042266846
1510504438.830063,-0.02635199949145317,0.004391999915242195,0.9874680042266846
1510504438.8471124,-0.02122800052165985,0.0058559998869895935,0.986735999584198
1510504438.864163,-0.014639999717473984,0.004391999915242195,0.986735999584198
1510504438.8812199,-0.003659999929368496,0.003659999929368496,0.9882000088691711
1510504438.8982682,-0.0,0.004391999915242195,0.9911279678344727
1510504438.91531,-0.0014639999717473984,0.007319999858736992,0.9911279678344727
1510504438.9362292,-0.0029279999434947968,0.004391999915242195,0.9911279678344727
1510504438.9532819,-0.005123999901115894,0.00878399983048439,0.9882000088691711
1510504438.970339,-0.013907999731600285,0.007319999858736992,0.9874680042266846
1510504438.9873836,-0.018300000578165054,0.007319999858736992,0.9874680042266846
1510504439.0043197,-0.00878399983048439,0.007319999858736992,0.9896639585494995
1510504439.021218,-0.006587999872863293,0.005123999901115894,0.9860039949417114
1510504439.0381448,-0.0058559998869895935,0.004391999915242195,0.9882000088691711
1510504439.0552115,-0.0021959999576210976,0.0058559998869895935,0.9882000088691711
1510504439.0723033,-0.003659999929368496,0.0058559998869895935,0.9896639585494995
1510504439.0893521,-0.0029279999434947968,0.004391999915242195,0.9889319539070129
1510504439.1064003,-0.007319999858736992,0.005123999901115894,0.9874680042266846
1510504439.123456,-0.00878399983048439,0.007319999858736992,0.9838079810142517
1510504439.1405423,-0.013175999745726585,0.006587999872863293,0.9882000088691711
1510504439.1575916,-0.011711999773979187,0.006587999872863293,0.9889319539070129
1510504439.174639,-0.007319999858736992,0.007319999858736992,0.9889319539070129
1510504439.1916907,-0.0058559998869895935,0.0058559998869895935,0.994055986404419
1510504439.2087379,-0.003659999929368496,0.0058559998869895935,0.9903959631919861
1510504439.2257879,-0.004391999915242195,0.005123999901115894,0.9882000088691711
1510504439.242863,-0.0029279999434947968,0.005123999901115894,0.9911279678344727
1510504439.2599187,-0.004391999915242195,0.003659999929368496,0.9903959631919861
1510504439.276965,-0.0058559998869895935,0.003659999929368496,0.9889319539070129
1510504439.2978237,-0.016103999689221382,0.005123999901115894,0.9852719902992249
1510504439.314872,-0.016103999689221382,0.007319999858736992,0.9896639585494995
1510504439.3319325,-0.013907999731600285,0.007319999858736992,0.986735999584198
1510504439.3490062,-0.008051999844610691,0.00878399983048439,0.9874680042266846
1510504439.3660548,-0.006587999872863293,0.005123999901115894,0.9889319539070129
1510504439.3831136,-0.0021959999576210976,0.0058559998869895935,0.9882000088691711
1510504439.4004414,-0.004391999915242195,0.006587999872863293,0.9903959631919861
1510504439.417495,-0.003659999929368496,0.006587999872863293,0.9882000088691711
1510504439.4345782,-0.003659999929368496,0.00951599981635809,0.9838079810142517
1510504439.4516382,-0.006587999872863293,0.004391999915242195,0.9860039949417114
1510504439.4686964,-0.00878399983048439,0.0058559998869895935,0.9918599724769592
1510504439.48575,-0.008051999844610691,0.008051999844610691,0.9874680042266846
1510504439.5028062,-0.006587999872863293,0.0058559998869895935,0.9874680042266846
1510504439.519895,-0.006587999872863293,0.006587999872863293,0.9860039949417114
1510504439.5369718,-0.007319999858736992,0.006587999872863293,0.9889319539070129
1510504439.5540602,-0.012443999759852886,0.006587999872863293,0.986735999584198
1510504439.5711184,-0.007319999858736992,0.003659999929368496,0.9889319539070129
1510504439.5881705,-0.005123999901115894,0.005123999901115894,0.9889319539070129
1510504439.6052191,-0.004391999915242195,0.0058559998869895935,0.986735999584198
1510504439.6223075,-0.004391999915242195,0.005123999901115894,0.9903959631919861
1510504439.6393769,-0.006587999872863293,0.00951599981635809,0.9852719902992249
1510504439.6564288,-0.006587999872863293,0.00951599981635809,0.9882000088691711
1510504439.6734765,-0.010247999802231789,0.007319999858736992,0.9889319539070129
1510504439.6905339,-0.003659999929368496,0.0058559998869895935,0.9896639585494995
1510504439.7075832,-0.004391999915242195,0.004391999915242195,0.9874680042266846
1510504439.7246344,-0.005123999901115894,0.006587999872863293,0.9874680042266846
1510504439.741713,-0.007319999858736992,0.0058559998869895935,0.9903959631919861
1510504439.7625668,-0.010247999802231789,0.006587999872863293,0.9896639585494995
1510504439.7796147,-0.007319999858736992,0.006587999872863293,0.9918599724769592
1510504439.7967088,-0.006587999872863293,0.004391999915242195,0.9874680042266846
1510504439.8137593,-0.003659999929368496,0.005123999901115894,0.9882000088691711
1510504439.8308122,-0.0058559998869895935,0.007319999858736992,0.9896639585494995
1510504439.8478866,-0.008051999844610691,0.007319999858736992,0.9896639585494995
1510504439.8649383,-0.012443999759852886,0.007319999858736992,0.9874680042266846
1510504439.8819864,-0.00951599981635809,0.00878399983048439,0.9903959631919861
1510504439.899064,-0.006587999872863293,0.007319999858736992,0.986735999584198
1510504439.9161124,-0.00951599981635809,0.004391999915242195,0.9874680042266846
1510504439.9331615,-0.004391999915242195,0.004391999915242195,0.9889319539070129
1510504439.9502416,-0.0029279999434947968,0.005123999901115894,0.9882000088691711
1510504439.9672923,-0.004391999915242195,0.004391999915242195,0.9918599724769592
1510504439.98434,-0.007319999858736992,0.007319999858736992,0.9874680042266846
1510504440.0013933,-0.006587999872863293,0.008051999844610691,0.9882000088691711
1510504440.018443,-0.00878399983048439,0.0058559998869895935,0.986735999584198
1510504440.035527,-0.007319999858736992,0.004391999915242195,0.9882000088691711
1510504440.0526073,-0.006587999872863293,0.0058559998869895935,0.9903959631919861
1510504440.0696995,-0.007319999858736992,0.006587999872863293,0.9845399856567383
1510504440.086751,-0.0058559998869895935,0.010247999802231789,0.9889319539070129
1510504440.1038027,-0.007319999858736992,0.00951599981635809,0.9889319539070129
1510504440.120861,-0.0058559998869895935,0.0058559998869895935,0.9896639585494995
1510504440.137907,-0.005123999901115894,0.004391999915242195,0.9882000088691711
1510504440.1549556,-0.0058559998869895935,0.004391999915242195,0.9925919771194458
1510504440.1758518,-0.006587999872863293,0.005123999901115894,0.9889319539070129
1510504440.1929045,-0.00878399983048439,0.0058559998869895935,0.9874680042266846
1510504440.2099576,-0.008051999844610691,0.008051999844610691,0.9852719902992249
1510504440.2270005,-0.0058559998869895935,0.007319999858736992,0.9874680042266846
1510504440.2440753,-0.008051999844610691,0.006587999872863293,0.9896639585494995
1510504440.2611299,-0.00951599981635809,0.00878399983048439,0.9889319539070129
1510504440.278174,-0.004391999915242195,0.004391999915242195,0.9911279678344727
1510504440.29523,-0.004391999915242195,0.0058559998869895935,0.9903959631919861
1510504440.3122907,-0.005123999901115894,0.007319999858736992,0.9874680042266846
1510504440.3293357,-0.008051999844610691,0.0058559998869895935,0.9874680042266846
1510504440.346405,-0.011711999773979187,0.007319999858736992,0.9889319539070129
1510504440.363457,-0.010979999788105488,0.00878399983048439,0.9874680042266846
1510504440.3805082,-0.007319999858736992,0.005123999901115894,0.9918599724769592
1510504440.3975654,-0.004391999915242195,0.006587999872863293,0.9903959631919861
1510504440.41462,-0.003659999929368496,0.005123999901115894,0.9896639585494995
1510504440.4316769,-0.003659999929368496,0.005123999901115894,0.9838079810142517
1510504440.4487479,-0.005123999901115894,0.006587999872863293,0.9860039949417114
1510504440.4657981,-0.00878399983048439,0.0058559998869895935,0.9889319539070129
1510504440.4828508,-0.008051999844610691,0.006587999872863293,0.9874680042266846
1510504440.4998987,-0.00878399983048439,0.0058559998869895935,0.9896639585494995
1510504440.5169504,-0.008051999844610691,0.005123999901115894,0.9882000088691711
1510504440.5339983,-0.005123999901115894,0.006587999872863293,0.9882000088691711
1510504440.5510812,-0.004391999915242195,0.008051999844610691,0.9896639585494995
1510504440.5681288,-0.005123999901115894,0.006587999872863293,0.9903959631919861
1510504440.588991,-0.0058559998869895935,0.004391999915242195,0.9903959631919861
1510504440.6060405,-0.005123999901115894,0.004391999915242195,0.986735999584198
1510504440.6230924,-0.006587999872863293,0.0058559998869895935,0.9911279678344727
1510504440.640147,-0.007319999858736992,0.010247999802231789,0.9925919771194458
1510504440.6572208,-0.00951599981635809,0.007319999858736992,0.9896639585494995
1510504440.6742706,-0.006587999872863293,0.005123999901115894,0.9882000088691711
1510504440.691324,-0.004391999915242195,0.005123999901115894,0.9882000088691711
1510504440.7083697,-0.004391999915242195,0.003659999929368496,0.9874680042266846
1510504440.7254183,-0.0058559998869895935,0.004391999915242195,0.9889319539070129
1510504440.7424722,-0.007319999858736992,0.006587999872863293,0.9874680042266846
1510504440.7595468,-0.008051999844610691,0.0058559998869895935,0.9903959631919861
1510504440.7766683,-0.006587999872863293,0.006587999872863293,0.9911279678344727
1510504440.793721,-0.005123999901115894,0.004391999915242195,0.9845399856567383
1510504440.810771,-0.005123999901115894,0.006587999872863293,0.9911279678344727
1510504440.8278158,-0.00878399983048439,0.0058559998869895935,0.9882000088691711
1510504440.8448641,-0.00951599981635809,0.0058559998869895935,0.9852719902992249
1510504440.8619785,-0.00951599981635809,0.006587999872863293,0.9933239817619324
1510504440.8790224,-0.008051999844610691,0.007319999858736992,0.9889319539070129
1510504440.8960695,-0.005123999901115894,0.0058559998869895935,0.9889319539070129
1510504440.9131196,-0.003659999929368496,0.0058559998869895935,0.9882000088691711
1510504440.9301722,-0.003659999929368496,0.005123999901115894,0.9882000088691711
1510504440.9472177,-0.008051999844610691,0.0058559998869895935,0.9889319539070129
1510504440.9642942,-0.00951599981635809,0.006587999872863293,0.9889319539070129
1510504440.981346,-0.0058559998869895935,0.0058559998869895935,0.9903959631919861
1510504441.0021994,-0.006587999872863293,0.0058559998869895935,0.9874680042266846
1510504441.0192463,-0.007319999858736992,0.008051999844610691,0.9889319539070129
1510504441.0362988,-0.006587999872863293,0.007319999858736992,0.9838079810142517
1510504441.0533535,-0.005123999901115894,0.0058559998869895935,0.9874680042266846
1510504441.070432,-0.007319999858736992,0.006587999872863293,0.9933239817619324
1510504441.0874748,-0.008051999844610691,0.005123999901115894,0.9874680042266846
1510504441.1045208,-0.00878399983048439,0.008051999844610691,0.9911279678344727
1510504441.1215785,-0.008051999844610691,0.0058559998869895935,0.9889319539070129
1510504441.1386216,-0.006587999872863293,0.004391999915242195,0.9903959631919861
1510504441.1559741,-0.004391999915242195,0.004391999915242195,0.9874680042266846
1510504441.1730342,-0.005123999901115894,0.005123999901115894,0.9925919771194458
1510504441.1900804,-0.006587999872863293,0.00878399983048439,0.9874680042266846
1510504441.2071252,-0.006587999872863293,0.008051999844610691,0.9823439717292786
1510504441.224172,-0.006587999872863293,0.004391999915242195,0.986735999584198
1510504441.2412274,-0.011711999773979187,0.005123999901115894,0.9889319539070129
1510504441.258293,-0.006587999872863293,0.0029279999434947968,0.9925919771194458
1510504441.2753432,-0.007319999858736992,0.006587999872863293,0.9845399856567383
1510504441.2923977,-0.003659999929368496,0.013175999745726585,0.9838079810142517
1510504441.309447,-0.003659999929368496,0.010247999802231789,0.986735999584198
1510504441.3264928,-0.004391999915242195,0.003659999929368496,0.9896639585494995
1510504441.3435404,-0.003659999929368496,0.004391999915242195,0.9882000088691711
1510504441.360615,-0.008051999844610691,0.004391999915242195,0.9903959631919861
1510504441.377663,-0.00951599981635809,0.008051999844610691,0.9911279678344727
1510504441.394709,-0.008051999844610691,0.011711999773979187,0.986735999584198
1510504441.411762,-0.004391999915242195,0.00878399983048439,0.9860039949417114
1510504441.4326224,-0.0058559998869895935,0.003659999929368496,0.9889319539070129
1510504441.4497108,-0.007319999858736992,0.004391999915242195,0.9918599724769592
1510504441.4667861,-0.007319999858736992,0.005123999901115894,0.9860039949417114
1510504441.483835,-0.005123999901115894,0.006587999872863293,0.986735999584198
1510504441.500887,-0.008051999844610691,0.00878399983048439,0.9896639585494995
1510504441.517938,-0.006587999872863293,0.003659999929368496,0.9911279678344727
1510504441.5349853,-0.006587999872863293,0.003659999929368496,0.9889319539070129
1510504441.5520303,-0.006587999872863293,0.004391999915242195,0.986735999584198
1510504441.5691085,-0.006587999872863293,0.007319999858736992,0.9882000088691711
1510504441.5861578,-0.007319999858736992,0.006587999872863293,0.9860039949417114
1510504441.6032112,-0.0058559998869895935,0.006587999872863293,0.9845399856567383
1510504441.6202629,-0.00878399983048439,0.005123999901115894,0.9911279678344727
1510504441.637311,-0.007319999858736992,0.004391999915242195,0.9925919771194458
1510504441.6543598,-0.003659999929368496,0.010979999788105488,0.9860039949417114
1510504441.6714377,-0.003659999929368496,0.005123999901115894,0.9860039949417114
1510504441.6884854,-0.003659999929368496,0.007319999858736992,0.9911279678344727
1510504441.7055354,-0.010979999788105488,0.003659999929368496,0.9903959631919861
1510504441.7225838,-0.008051999844610691,0.004391999915242195,0.9896639585494995
1510504441.7396748,-0.008051999844610691,0.004391999915242195,0.9852719902992249
1510504441.7567239,-0.007319999858736992,0.007319999858736992,0.9882000088691711
1510504441.7737994,-0.007319999858736992,0.00951599981635809,0.9918599724769592
1510504441.7908576,-0.0058559998869895935,0.00951599981635809,0.9889319539070129
1510504441.8079062,-0.005123999901115894,0.006587999872863293,0.9896639585494995
1510504441.824957,-0.0058559998869895935,0.0058559998869895935,0.9889319539070129
1510504441.8458474,-0.005123999901115894,0.0058559998869895935,0.9874680042266846
1510504441.8629007,-0.004391999915242195,0.006587999872863293,0.9874680042266846
1510504441.8799856,-0.008051999844610691,0.005123999901115894,0.9911279678344727
1510504441.8970304,-0.006587999872863293,0.005123999901115894,0.9882000088691711
1510504441.9140816,-0.005123999901115894,0.007319999858736992,0.9830759763717651
1510504441.9311383,-0.0058559998869895935,0.011711999773979187,0.9889319539070129
1510504441.9481869,-0.006587999872863293,0.00878399983048439,0.9903959631919861
1510504441.9652615,-0.007319999858736992,0.006587999872863293,0.9911279678344727
1510504441.9823184,-0.0058559998869895935,0.003659999929368496,0.9903959631919861
1510504441.9993668,-0.004391999915242195,0.004391999915242195,0.9925919771194458
1510504442.0164146,-0.00951599981635809,0.008051999844610691,0.9911279678344727
1510504442.0334635,-0.005123999901115894,0.0058559998869895935,0.9830759763717651
1510504442.0505164,-0.005123999901115894,0.007319999858736992,0.9882000088691711
1510504442.067585,-0.006587999872863293,0.006587999872863293,0.9933239817619324
1510504442.0846455,-0.013907999731600285,0.003659999929368496,0.9882000088691711
1510504442.1016998,-0.00951599981635809,0.0058559998869895935,0.9889319539070129
1510504442.118745,-0.007319999858736992,0.00951599981635809,0.9889319539070129
1510504442.1357923,-0.004391999915242195,0.0058559998869895935,0.986735999584198
1510504442.1528406,-0.0058559998869895935,0.004391999915242195,0.9889319539070129
1510504442.1699212,-0.003659999929368496,0.003659999929368496,0.9882000088691711
1510504442.1869702,-0.004391999915242195,0.008051999844610691,0.9911279678344727
1510504442.204058,-0.0058559998869895935,0.005123999901115894,0.9889319539070129
1510504442.2211137,-0.006587999872863293,0.005123999901115894,0.9838079810142517
1510504442.2381632,-0.007319999858736992,0.007319999858736992,0.9889319539070129
1510504442.2590148,-0.005123999901115894,0.007319999858736992,0.9882000088691711
1510504442.2760909,-0.003659999929368496,0.00951599981635809,0.994055986404419
1510504442.293145,-0.005123999901115894,0.00878399983048439,0.986735999584198
1510504442.3101962,-0.006587999872863293,0.005123999901115894,0.9882000088691711
1510504442.327276,-0.008051999844610691,0.00878399983048439,0.9882000088691711
1510504442.344328,-0.007319999858736992,0.0058559998869895935,0.9845399856567383
1510504442.3613803,-0.0058559998869895935,0.003659999929368496,0.9882000088691711
1510504442.3784564,-0.00878399983048439,0.003659999929368496,0.9889319539070129
1510504442.395513,-0.0058559998869895935,0.004391999915242195,0.9889319539070129
1510504442.41257,-0.008051999844610691,0.008051999844610691,0.9925919771194458
1510504442.4296544,-0.00878399983048439,0.010247999802231789,0.9882000088691711
1510504442.446709,-0.004391999915242195,0.006587999872863293,0.9874680042266846
1510504442.4637585,-0.004391999915242195,0.0058559998869895935,0.986735999584198
1510504442.480841,-0.007319999858736992,0.007319999858736992,0.9860039949417114
1510504442.49789,-0.008051999844610691,0.00878399983048439,0.9882000088691711
1510504442.514939,-0.00951599981635809,0.0058559998869895935,0.9882000088691711
1510504442.5319898,-0.007319999858736992,0.006587999872863293,0.9896639585494995
1510504442.5490732,-0.0058559998869895935,0.003659999929368496,0.9860039949417114
1510504442.5661237,-0.005123999901115894,0.004391999915242195,0.9918599724769592
1510504442.5832045,-0.0058559998869895935,0.007319999858736992,0.9918599724769592
1510504442.6002502,-0.004391999915242195,0.008051999844610691,0.9896639585494995
1510504442.6172996,-0.0029279999434947968,0.00951599981635809,0.9874680042266846
1510504442.6343515,-0.0058559998869895935,0.00951599981635809,0.9882000088691711
1510504442.6514,-0.0058559998869895935,0.004391999915242195,0.9889319539070129
1510504442.6722615,-0.008051999844610691,0.004391999915242195,0.9860039949417114
1510504442.6893408,-0.010247999802231789,0.004391999915242195,0.9838079810142517
1510504442.7063935,-0.007319999858736992,0.005123999901115894,0.986735999584198
1510504442.723441,-0.0058559998869895935,0.008051999844610691,0.9889319539070129
1510504442.7405026,-0.004391999915242195,0.006587999872863293,0.9903959631919861
1510504442.757548,-0.00951599981635809,0.005123999901115894,0.9889319539070129
1510504442.77463,-0.0058559998869895935,0.008051999844610691,0.9852719902992249
1510504442.7915876,-0.005123999901115894,0.00878399983048439,0.9911279678344727
1510504442.808638,-0.008051999844610691,0.003659999929368496,0.986735999584198
1510504442.825686,-0.006587999872863293,0.003659999929368496,0.9838079810142517
1510504442.8427346,-0.010247999802231789,0.003659999929368496,0.9947879910469055
1510504442.8598197,-0.010247999802231789,0.005123999901115894,0.9903959631919861
1510504442.8768945,-0.004391999915242195,0.014639999717473984,0.9860039949417114
1510504442.8939493,-0.0029279999434947968,0.00878399983048439,0.9874680042266846
1510504442.9112754,-0.003659999929368496,0.006587999872863293,0.9882000088691711
1510504442.9283652,-0.010979999788105488,0.004391999915242195,0.9918599724769592
1510504442.9454126,-0.010979999788105488,0.005123999901115894,0.9808799624443054
1510504442.962461,-0.003659999929368496,0.008051999844610691,0.9860039949417114
1510504442.979529,-0.003659999929368496,0.004391999915242195,0.986735999584198
1510504442.9966152,-0.004391999915242195,0.0029279999434947968,0.9911279678344727
1510504443.0136986,-0.015371999703347683,0.004391999915242195,0.9874680042266846
1510504443.0307565,-0.01756799966096878,0.005123999901115894,0.9874680042266846
1510504443.0478053,-0.003659999929368496,0.012443999759852886,0.981611967086792
1510504443.0648592,0.0021959999576210976,0.010247999802231789,0.9838079810142517
1510504443.081972,-0.004391999915242195,0.010247999802231789,0.9969840049743652
1510504443.0990238,-0.008051999844610691,0.003659999929368496,0.9947879910469055
1510504443.1198852,-0.013907999731600285,0.0029279999434947968,0.9882000088691711
1510504443.1369333,-0.00878399983048439,0.003659999929368496,0.9852719902992249
1510504443.1539843,-0.0029279999434947968,0.008051999844610691,0.9838079810142517
1510504443.1710398,-0.004391999915242195,0.007319999858736992,0.9903959631919861
1510504443.1881115,-0.008051999844610691,0.007319999858736992,0.9882000088691711
1510504443.2051654,-0.015371999703347683,0.003659999929368496,0.986735999584198
1510504443.222218,-0.00951599981635809,0.0058559998869895935,0.9882000088691711
1510504443.2392688,-0.00878399983048439,0.00951599981635809,0.9882000088691711
1510504443.2563174,-0.0029279999434947968,0.010979999788105488,0.9889319539070129
1510504443.2733707,-0.003659999929368496,0.012443999759852886,0.9925919771194458
1510504443.2904515,-0.003659999929368496,0.00951599981635809,0.9903959631919861
1510504443.3075037,-0.00951599981635809,0.005123999901115894,0.9830759763717651
1510504443.3245535,-0.0058559998869895935,0.0021959999576210976,0.9830759763717651
1510504443.3416104,-0.004391999915242195,0.004391999915242195,0.9911279678344727
1510504443.358663,-0.00878399983048439,0.005123999901115894,0.9882000088691711
1510504443.3757117,-0.005123999901115894,0.005123999901115894,0.9918599724769592
1510504443.3927913,-0.008051999844610691,0.0058559998869895935,0.9896639585494995
1510504443.4099102,-0.006587999872863293,0.0058559998869895935,0.9889319539070129
1510504443.4269576,-0.005123999901115894,0.004391999915242195,0.9882000088691711
1510504443.4440053,-0.003659999929368496,0.010247999802231789,0.986735999584198
1510504443.4610643,-0.005123999901115894,0.010979999788105488,0.9889319539070129
1510504443.4781075,-0.003659999929368496,0.007319999858736992,0.9889319539070129
1510504443.4951792,-0.00878399983048439,0.004391999915242195,0.9845399856567383
1510504443.512237,-0.011711999773979187,0.003659999929368496,0.9882000088691711
1510504443.5330932,-0.012443999759852886,0.005123999901115894,0.9889319539070129
1510504443.550138,-0.007319999858736992,0.007319999858736992,0.9918599724769592
1510504443.567179,-0.008051999844610691,0.005123999901115894,0.9838079810142517
1510504443.5842245,-0.006587999872863293,0.006587999872863293,0.9933239817619324
1510504443.6013057,-0.004391999915242195,0.004391999915242195,0.9860039949417114
1510504443.6183517,-0.006587999872863293,0.003659999929368496,0.9838079810142517
1510504443.6353984,-0.006587999872863293,0.0058559998869895935,0.9882000088691711
1510504443.652448,-0.008051999844610691,0.006587999872863293,0.986735999584198
1510504443.66949,-0.007319999858736992,0.006587999872863293,0.986735999584198
1510504443.6865695,-0.005123999901115894,0.005123999901115894,0.986735999584198
1510504443.7036135,-0.007319999858736992,0.004391999915242195,0.986735999584198
1510504443.7206647,-0.006587999872863293,0.003659999929368496,0.9911279678344727
1510504443.7377093,-0.0058559998869895935,0.003659999929368496,0.986735999584198
1510504443.7547593,-0.0058559998869895935,0.0058559998869895935,0.986735999584198
1510504443.7718105,-0.004391999915242195,0.008051999844610691,0.9882000088691711
1510504443.7888782,-0.0058559998869895935,0.005123999901115894,0.9933239817619324
1510504443.8059244,-0.0058559998869895935,0.003659999929368496,0.986735999584198
1510504443.8229733,-0.007319999858736992,0.003659999929368496,0.9882000088691711
1510504443.8400218,-0.00878399983048439,0.0058559998869895935,0.9845399856567383
1510504443.8570664,-0.00951599981635809,0.010247999802231789,0.9889319539070129
1510504443.8741167,-0.006587999872863293,0.011711999773979187,0.9889319539070129
1510504443.8911934,-0.0058559998869895935,0.007319999858736992,0.9896639585494995
1510504443.9082484,-0.005123999901115894,0.004391999915242195,0.9882000088691711
1510504443.925295,-0.008051999844610691,0.004391999915242195,0.9918599724769592
1510504443.9461439,-0.00951599981635809,0.0058559998869895935,0.9911279678344727
1510504443.9631958,-0.0058559998869895935,0.00878399983048439,0.9852719902992249
1510504443.9802444,-0.007319999858736992,0.007319999858736992,0.9896639585494995
1510504443.9972138,-0.00951599981635809,0.00878399983048439,0.9896639585494995
1510504444.0142636,-0.006587999872863293,0.008051999844610691,0.9903959631919861
1510504444.0313272,-0.007319999858736992,0.006587999872863293,0.9845399856567383
1510504444.0483732,-0.0058559998869895935,0.006587999872863293,0.9896639585494995
1510504444.0654213,-0.004391999915242195,0.006587999872863293,0.9852719902992249
1510504444.08247,-0.010247999802231789,0.006587999872863293,0.9860039949417114
1510504444.0995417,-0.0058559998869895935,0.0058559998869895935,0.9852719902992249
1510504444.11663,-0.008051999844610691,0.0058559998869895935,0.9889319539070129
1510504444.133683,-0.00951599981635809,0.006587999872863293,0.9882000088691711
1510504444.1507306,-0.006587999872863293,0.0058559998869895935,0.9889319539070129
1510504444.1677797,-0.008051999844610691,0.00878399983048439,0.9903959631919861
1510504444.1848266,-0.00951599981635809,0.007319999858736992,0.9852719902992249
1510504444.2018993,-0.0058559998869895935,0.0058559998869895935,0.9889319539070129
1510504444.2189472,-0.005123999901115894,0.003659999929368496,0.9896639585494995
1510504444.235994,-0.00878399983048439,0.004391999915242195,0.9896639585494995
1510504444.2530458,-0.0058559998869895935,0.0058559998869895935,0.9874680042266846
1510504444.2700958,-0.008051999844610691,0.007319999858736992,0.986735999584198
1510504444.287141,-0.00951599981635809,0.0058559998869895935,0.9852719902992249
1510504444.304215,-0.006587999872863293,0.004391999915242195,0.9903959631919861
1510504444.321267,-0.008051999844610691,0.008051999844610691,0.9838079810142517
1510504444.3421192,-0.007319999858736992,0.006587999872863293,0.9874680042266846
1510504444.3591616,-0.0058559998869895935,0.0058559998869895935,0.9845399856567383
1510504444.3762515,-0.006587999872863293,0.007319999858736992,0.9896639585494995
1510504444.3933282,-0.005123999901115894,0.003659999929368496,0.9911279678344727
1510504444.41041,-0.0058559998869895935,0.003659999929368496,0.9903959631919861
1510504444.4274528,-0.00951599981635809,0.005123999901115894,0.9925919771194458
1510504444.4444976,-0.007319999858736992,0.005123999901115894,0.9896639585494995
1510504444.4635172,-0.005123999901115894,0.006587999872863293,0.9882000088691711
1510504444.4804904,-0.0058559998869895935,0.012443999759852886,0.9925919771194458
1510504444.497423,-0.007319999858736992,0.007319999858736992,0.986735999584198
1510504444.5143552,-0.0058559998869895935,0.004391999915242195,0.9889319539070129
1510504444.5313606,-0.008051999844610691,0.003659999929368496,0.9889319539070129
1510504444.5484068,-0.004391999915242195,0.005123999901115894,0.9874680042266846
1510504444.565472,-0.005123999901115894,0.0058559998869895935,0.9889319539070129
1510504444.5825338,-0.005123999901115894,0.008051999844610691,0.986735999584198
1510504444.5996032,-0.006587999872863293,0.006587999872863293,0.9874680042266846
1510504444.6166923,-0.007319999858736992,0.006587999872863293,0.9874680042266846
1510504444.6337366,-0.006587999872863293,0.0058559998869895935,0.9896639585494995
1510504444.6507864,-0.008051999844610691,0.0058559998869895935,0.9845399856567383
1510504444.6681354,-0.005123999901115894,0.0058559998869895935,0.9889319539070129
1510504444.6851962,-0.006587999872863293,0.005123999901115894,0.9918599724769592
1510504444.7022486,-0.0058559998869895935,0.00951599981635809,0.9874680042266846
1510504444.719305,-0.008051999844610691,0.0058559998869895935,0.9896639585494995
1510504444.7363567,-0.0058559998869895935,0.0058559998869895935,0.9882000088691711
1510504444.753413,-0.005123999901115894,0.0058559998869895935,0.9882000088691711
1510504444.770471,-0.007319999858736992,0.007319999858736992,0.9918599724769592
1510504444.78752,-0.006587999872863293,0.006587999872863293,0.9889319539070129
1510504444.8045995,-0.007319999858736992,0.006587999872863293,0.9925919771194458
1510504444.8216567,-0.008051999844610691,0.006587999872863293,0.9896639585494995
1510504444.8387015,-0.005123999901115894,0.005123999901115894,0.9852719902992249
1510504444.85575,-0.00878399983048439,0.006587999872863293,0.9896639585494995
1510504444.8727977,-0.0058559998869895935,0.005123999901115894,0.9889319539070129
1510504444.8898878,-0.0058559998869895935,0.006587999872863293,0.9918599724769592
1510504444.9069655,-0.0058559998869895935,0.006587999872863293,0.9889319539070129
1510504444.9240515,-0.005123999901115894,0.005123999901115894,0.9896639585494995
1510504444.9411085,-0.006587999872863293,0.004391999915242195,0.9896639585494995
1510504444.9619634,-0.007319999858736992,0.005123999901115894,0.9889319539070129
1510504444.97901,-0.005123999901115894,0.007319999858736992,0.9860039949417114
1510504444.99606,-0.004391999915242195,0.006587999872863293,0.9903959631919861
1510504445.0131373,-0.007319999858736992,0.0058559998869895935,0.9838079810142517
1510504445.0301964,-0.008051999844610691,0.007319999858736992,0.9874680042266846
1510504445.04728,-0.006587999872863293,0.006587999872863293,0.9882000088691711
1510504445.0643327,-0.005123999901115894,0.006587999872863293,0.9911279678344727
1510504445.0813897,-0.008051999844610691,0.0058559998869895935,0.9925919771194458
1510504445.0984387,-0.0058559998869895935,0.005123999901115894,0.9882000088691711
1510504445.1155531,-0.006587999872863293,0.006587999872863293,0.9889319539070129
1510504445.132608,-0.006587999872863293,0.004391999915242195,0.9918599724769592
1510504445.149701,-0.004391999915242195,0.0058559998869895935,0.9845399856567383
1510504445.166749,-0.0058559998869895935,0.005123999901115894,0.994055986404419
1510504445.1837978,-0.008051999844610691,0.0058559998869895935,0.9874680042266846
1510504445.200858,-0.005123999901115894,0.006587999872863293,0.9874680042266846
1510504445.2179284,-0.008051999844610691,0.004391999915242195,0.9896639585494995
1510504445.2349777,-0.0058559998869895935,0.005123999901115894,0.9903959631919861
1510504445.2520335,-0.007319999858736992,0.004391999915242195,0.9911279678344727
1510504445.2690802,-0.005123999901115894,0.0058559998869895935,0.9903959631919861
1510504445.286133,-0.006587999872863293,0.005123999901115894,0.9911279678344727
1510504445.3031807,-0.007319999858736992,0.007319999858736992,0.9896639585494995
1510504445.3202667,-0.008051999844610691,0.0058559998869895935,0.994055986404419
1510504445.3373158,-0.008051999844610691,0.00878399983048439,0.9882000088691711
1510504445.3543594,-0.006587999872863293,0.006587999872863293,0.9903959631919861
1510504445.3752177,-0.004391999915242195,0.0058559998869895935,0.9911279678344727
1510504445.3923373,-0.0058559998869895935,0.004391999915242195,0.9903959631919861
1510504445.4094436,-0.0058559998869895935,0.005123999901115894,0.9918599724769592
1510504445.426492,-0.005123999901115894,0.006587999872863293,0.9918599724769592
1510504445.4435356,-0.006587999872863293,0.007319999858736992,0.9889319539070129
1510504445.4605825,-0.004391999915242195,0.006587999872863293,0.9903959631919861
1510504445.4776235,-0.005123999901115894,0.007319999858736992,0.9903959631919861
1510504445.4946687,-0.006587999872863293,0.006587999872863293,0.9896639585494995
1510504445.5117397,-0.005123999901115894,0.005123999901115894,0.9882000088691711
1510504445.5287836,-0.006587999872863293,0.007319999858736992,0.9933239817619324
1510504445.5458336,-0.010979999788105488,0.007319999858736992,0.9911279678344727
1510504445.5628815,-0.008051999844610691,0.005123999901115894,0.9903959631919861
1510504445.5799365,-0.006587999872863293,0.007319999858736992,0.9874680042266846
1510504445.596982,-0.007319999858736992,0.0058559998869895935,0.9918599724769592
1510504445.6140523,-0.008051999844610691,0.0058559998869895935,0.9874680042266846
1510504445.6311052,-0.005123999901115894,0.008051999844610691,0.9925919771194458
1510504445.6481469,-0.008051999844610691,0.0058559998869895935,0.9874680042266846
1510504445.665188,-0.007319999858736992,0.0058559998869895935,0.9896639585494995
1510504445.6822383,-0.007319999858736992,0.011711999773979187,0.9896639585494995
1510504445.6992843,-0.004391999915242195,0.003659999929368496,0.9860039949417114
1510504445.7163577,-0.005123999901115894,0.005123999901115894,0.994055986404419
1510504445.7334025,-0.0058559998869895935,0.004391999915242195,0.9933239817619324
1510504445.7504532,-0.005123999901115894,0.004391999915242195,0.9860039949417114
1510504445.7674985,-0.011711999773979187,0.00878399983048439,0.9882000088691711
1510504445.7883537,-0.0058559998869895935,0.00951599981635809,0.9889319539070129
1510504445.8053823,-0.004391999915242195,0.00951599981635809,0.9882000088691711
1510504445.8224432,-0.005123999901115894,0.003659999929368496,0.9801479578018188
1510504445.8394666,-0.0058559998869895935,0.007319999858736992,0.9911279678344727
1510504445.8564956,-0.007319999858736992,0.00878399983048439,0.9925919771194458
1510504445.8735182,-0.005123999901115894,0.006587999872863293,0.9911279678344727
1510504445.8905487,-0.0058559998869895935,0.004391999915242195,0.9918599724769592
1510504445.9076004,-0.00878399983048439,0.005123999901115894,0.9874680042266846
1510504445.924629,-0.010247999802231789,0.003659999929368496,0.9874680042266846
1510504445.9416628,-0.012443999759852886,0.003659999929368496,0.9918599724769592
1510504445.9586854,-0.0058559998869895935,0.008051999844610691,0.9896639585494995
1510504445.9757125,-0.003659999929368496,0.008051999844610691,0.9925919771194458
1510504445.9927402,-0.004391999915242195,0.008051999844610691,0.9882000088691711
1510504446.0098338,-0.005123999901115894,0.008051999844610691,0.9896639585494995
1510504446.026869,-0.006587999872863293,0.006587999872863293,0.9918599724769592
1510504446.043894,-0.008051999844610691,0.004391999915242195,0.9889319539070129
1510504446.0609255,-0.006587999872863293,0.003659999929368496,0.9925919771194458
1510504446.0779796,-0.006587999872863293,0.004391999915242195,0.9896639585494995
1510504446.0950015,-0.004391999915242195,0.003659999929368496,0.9896639585494995
1510504446.1120563,-0.0058559998869895935,0.004391999915242195,0.9896639585494995
1510504446.1290846,-0.005123999901115894,0.0058559998869895935,0.9889319539070129
1510504446.149914,-0.005123999901115894,0.0058559998869895935,0.9918599724769592
1510504446.1669376,-0.008051999844610691,0.004391999915242195,0.9882000088691711
1510504446.1839645,-0.00878399983048439,0.003659999929368496,0.9911279678344727
1510504446.200996,-0.011711999773979187,0.003659999929368496,0.9860039949417114
1510504446.2180457,-0.005123999901115894,0.013175999745726585,0.9860039949417114
1510504446.2350788,-0.008051999844610691,0.004391999915242195,0.9947879910469055
1510504446.252105,-0.006587999872863293,0.003659999929368496,0.9874680042266846
1510504446.2691267,-0.006587999872863293,0.006587999872863293,0.9911279678344727
1510504446.2861512,-0.006587999872863293,0.003659999929368496,0.986735999584198
1510504446.3031776,-0.003659999929368496,0.005123999901115894,0.9903959631919861
1510504446.320232,-0.004391999915242195,0.00951599981635809,0.9882000088691711
1510504446.3372602,-0.003659999929368496,0.003659999929368496,0.9889319539070129
1510504446.3542852,-0.010247999802231789,0.007319999858736992,0.9889319539070129
1510504446.3713162,-0.008051999844610691,0.003659999929368496,0.9918599724769592
1510504446.3883371,-0.008051999844610691,0.006587999872863293,0.9918599724769592
1510504446.405363,-0.003659999929368496,0.006587999872863293,0.9911279678344727
1510504446.4227011,-0.0058559998869895935,0.0058559998869895935,0.9882000088691711
1510504446.4397771,-0.005123999901115894,0.005123999901115894,0.9947879910469055
1510504446.456806,-0.00951599981635809,0.007319999858736992,0.9874680042266846
1510504446.4738374,-0.010247999802231789,0.005123999901115894,0.9882000088691711
1510504446.49087,-0.005123999901115894,0.00951599981635809,0.9918599724769592
1510504446.5078936,-0.007319999858736992,0.008051999844610691,0.9874680042266846
1510504446.5287528,-0.007319999858736992,0.0058559998869895935,0.9882000088691711
1510504446.5457795,-0.006587999872863293,0.005123999901115894,0.986735999584198
1510504446.5628033,-0.008051999844610691,0.005123999901115894,0.9911279678344727
1510504446.5798655,-0.0058559998869895935,0.008051999844610691,0.9903959631919861
1510504446.596896,-0.006587999872863293,0.008051999844610691,0.9962520003318787
1510504446.6139295,-0.006587999872863293,0.003659999929368496,0.9925919771194458
1510504446.6309884,-0.005123999901115894,0.006587999872863293,0.9903959631919861
1510504446.6480184,-0.006587999872863293,0.003659999929368496,0.9845399856567383
1510504446.6650472,-0.0058559998869895935,0.005123999901115894,0.9918599724769592
1510504446.6820765,-0.00878399983048439,0.003659999929368496,0.9925919771194458
1510504446.699103,-0.0058559998869895935,0.005123999901115894,0.9903959631919861
1510504446.716158,-0.008051999844610691,0.0058559998869895935,0.9903959631919861
1510504446.733194,-0.006587999872863293,0.004391999915242195,0.9903959631919861
1510504446.750223,-0.0058559998869895935,0.00951599981635809,0.9860039949417114
1510504446.7672517,-0.007319999858736992,0.0029279999434947968,0.9903959631919861
1510504446.7842786,-0.00878399983048439,0.003659999929368496,0.9933239817619324
1510504446.801309,-0.008051999844610691,0.0058559998869895935,0.9889319539070129
1510504446.8183675,-0.005123999901115894,0.005123999901115894,0.9903959631919861
1510504446.8354008,-0.004391999915242195,0.006587999872863293,0.9911279678344727
1510504446.8524482,-0.004391999915242195,0.007319999858736992,0.9903959631919861
1510504446.8694756,-0.006587999872863293,0.0058559998869895935,0.994055986404419
1510504446.8865128,-0.006587999872863293,0.007319999858736992,0.9874680042266846
1510504446.9073484,-0.0058559998869895935,0.006587999872863293,0.986735999584198
1510504446.9244025,-0.005123999901115894,0.0058559998869895935,0.9889319539070129
1510504446.9414601,-0.005123999901115894,0.005123999901115894,0.994055986404419
1510504446.9585066,-0.008051999844610691,0.004391999915242195,0.9925919771194458
1510504446.9755566,-0.00878399983048439,0.00878399983048439,0.9918599724769592
1510504446.99261,-0.008051999844610691,0.006587999872863293,0.9882000088691711
1510504447.0096953,-0.007319999858736992,0.0058559998869895935,0.9882000088691711
1510504447.0267477,-0.008051999844610691,0.005123999901115894,0.994055986404419
1510504447.0437975,-0.008051999844610691,0.0058559998869895935,0.9918599724769592
1510504447.0608575,-0.004391999915242195,0.004391999915242195,0.9896639585494995
1510504447.0779035,-0.0058559998869895935,0.0058559998869895935,0.9889319539070129
1510504447.094956,-0.0058559998869895935,0.004391999915242195,0.986735999584198
1510504447.1120121,-0.0058559998869895935,0.005123999901115894,0.994055986404419
1510504447.1290886,-0.007319999858736992,0.007319999858736992,0.9903959631919861
1510504447.14614,-0.0058559998869895935,0.00878399983048439,0.9925919771194458
1510504447.1631951,-0.005123999901115894,0.005123999901115894,0.9903959631919861
1510504447.1802444,-0.005123999901115894,0.003659999929368496,0.9889319539070129
1510504447.1972897,-0.004391999915242195,0.006587999872863293,0.9896639585494995
1510504447.2143369,-0.006587999872863293,0.006587999872863293,0.9911279678344727
1510504447.231416,-0.008051999844610691,0.00951599981635809,0.9896639585494995
1510504447.2484677,-0.005123999901115894,0.005123999901115894,0.9933239817619324
1510504447.2655132,-0.005123999901115894,0.008051999844610691,0.9911279678344727
1510504447.2825637,-0.007319999858736992,0.004391999915242195,0.9911279678344727
1510504447.3034153,-0.007319999858736992,0.0058559998869895935,0.9874680042266846
1510504447.32047,-0.005123999901115894,0.007319999858736992,0.9918599724769592
1510504447.337542,-0.0058559998869895935,0.0058559998869895935,0.9874680042266846
1510504447.3545904,-0.005123999901115894,0.004391999915242195,0.9896639585494995
1510504447.3716455,-0.005123999901115894,0.004391999915242195,0.9918599724769592
1510504447.3886926,-0.006587999872863293,0.0058559998869895935,0.9933239817619324
1510504447.4057398,-0.006587999872863293,0.005123999901115894,0.9903959631919861
1510504447.4228134,-0.005123999901115894,0.005123999901115894,0.986735999584198
1510504447.4398754,-0.00951599981635809,0.007319999858736992,0.9860039949417114
1510504447.4569244,-0.0058559998869895935,0.005123999901115894,0.9882000088691711
1510504447.4739735,-0.006587999872863293,0.005123999901115894,0.9911279678344727
1510504447.491028,-0.00951599981635809,0.005123999901115894,0.9882000088691711
1510504447.5080721,-0.008051999844610691,0.005123999901115894,0.9903959631919861
1510504447.5251424,-0.007319999858736992,0.007319999858736992,1.006500005722046
1510504447.5421956,-0.0058559998869895935,0.004391999915242195,1.0167479515075684
1510504447.5592403,-0.0058559998869895935,0.003659999929368496,1.0006439685821533
1510504447.5762875,-0.0058559998869895935,0.0029279999434947968,0.974291980266571
1510504447.5933795,-0.0058559998869895935,0.003659999929368496,0.929639995098114
1510504447.6104362,-0.0,0.00878399983048439,0.9362279772758484
1510504447.627498,-0.004391999915242195,0.013175999745726585,0.9574559926986694
1510504447.6445477,-0.0058559998869895935,0.004391999915242195,0.965507984161377
1510504447.661611,-0.021959999576210976,0.006587999872863293,1.0379760265350342
1510504447.6786592,-0.00878399983048439,0.003659999929368496,1.0130879878997803
1510504447.6957061,-0.013907999731600285,0.0058559998869895935,0.9947879910469055
1510504447.716595,-0.007319999858736992,0.008051999844610691,0.9808799624443054
1510504447.733701,-0.0,0.003659999929368496,0.9984479546546936
1510504447.7507465,-0.0014639999717473984,0.005123999901115894,0.9786840081214905
1510504447.767796,-0.004391999915242195,0.003659999929368496,0.9757559895515442
1510504447.7848456,-0.0058559998869895935,0.0029279999434947968,1.013819932937622
1510504447.8018928,-0.013175999745726585,0.005123999901115894,1.0196759700775146
1510504447.8189359,-0.011711999773979187,0.005123999901115894,1.0086959600448608
1510504447.835915,-0.010979999788105488,0.00878399983048439,0.9947879910469055
1510504447.8529708,-0.00878399983048439,0.006587999872863293,0.9786840081214905
1510504447.8700225,-0.004391999915242195,0.010979999788105488,0.9757559895515442
1510504447.8870702,-0.0029279999434947968,0.007319999858736992,0.9794159531593323
1510504447.9041202,-0.0058559998869895935,0.004391999915242195,0.9794159531593323
1510504447.9211748,-0.004391999915242195,0.006587999872863293,0.9750239849090576
1510504447.9382539,-0.00878399983048439,0.004391999915242195,0.9706319570541382
1510504447.9553046,-0.012443999759852886,0.005123999901115894,0.9706319570541382
1510504447.972356,-0.008051999844610691,0.005123999901115894,0.9808799624443054
1510504447.9894328,-0.0058559998869895935,0.0058559998869895935,0.9720959663391113
1510504448.0064812,-0.005123999901115894,0.0058559998869895935,0.9677039980888367
1510504448.0235298,-0.005123999901115894,0.00951599981635809,0.965507984161377
1510504448.0406091,-0.007319999858736992,0.003659999929368496,0.9728279709815979
1510504448.0576556,-0.005123999901115894,0.003659999929368496,0.9684360027313232
1510504448.0747042,-0.0058559998869895935,0.005123999901115894,0.9713639616966248
1510504448.0917614,-0.007319999858736992,0.0058559998869895935,0.9750239849090576
1510504448.1126227,-0.008051999844610691,0.005123999901115894,0.9786840081214905
1510504448.1297026,-0.008051999844610691,0.004391999915242195,0.9808799624443054
1510504448.1467803,-0.008051999844610691,0.006587999872863293,0.9830759763717651
1510504448.1638322,-0.007319999858736992,0.003659999929368496,0.9845399856567383
1510504448.1811504,-0.003659999929368496,0.007319999858736992,0.9735599756240845
1510504448.198206,-0.004391999915242195,0.00878399983048439,0.9801479578018188
1510504448.2152555,-0.008051999844610691,0.0058559998869895935,0.9720959663391113
1510504448.2323377,-0.003659999929368496,0.00878399983048439,0.974291980266571
1510504448.2493856,-0.005123999901115894,0.005123999901115894,0.974291980266571
1510504448.2664392,-0.008051999844610691,0.004391999915242195,0.9691680073738098
1510504448.2834878,-0.00878399983048439,0.007319999858736992,0.974291980266571
1510504448.3005438,-0.007319999858736992,0.0058559998869895935,0.9698999524116516
1510504448.317597,-0.005123999901115894,0.005123999901115894,0.9611159563064575
1510504448.3346837,-0.003659999929368496,0.005123999901115894,0.9633119702339172
1510504448.3517375,-0.005123999901115894,0.005123999901115894,0.9625799655914307
1510504448.368783,-0.005123999901115894,0.006587999872863293,0.9647759795188904
1510504448.3858318,-0.007319999858736992,0.003659999929368496,0.9625799655914307
1510504448.4028819,-0.008051999844610691,0.006587999872863293,0.9691680073738098
1510504448.4199328,-0.0058559998869895935,0.004391999915242195,0.9611159563064575
1510504448.437002,-0.0058559998869895935,0.0058559998869895935,0.965507984161377
1510504448.4540546,-0.0029279999434947968,0.007319999858736992,0.9625799655914307
1510504448.4711008,-0.004391999915242195,0.007319999858736992,0.9640439748764038
1510504448.4881437,-0.008051999844610691,0.007319999858736992,0.9691680073738098
1510504448.5051925,-0.006587999872863293,0.005123999901115894,0.9662399888038635
1510504448.5222394,-0.00951599981635809,0.005123999901115894,0.9728279709815979
1510504448.5431223,-0.0058559998869895935,0.0058559998869895935,0.9647759795188904
1510504448.560171,-0.003659999929368496,0.006587999872863293,0.9684360027313232
1510504448.5772166,-0.003659999929368496,0.0058559998869895935,0.958187997341156
1510504448.5942576,-0.003659999929368496,0.004391999915242195,0.9603840112686157
1510504448.6113064,-0.0058559998869895935,0.003659999929368496,0.9567239880561829
1510504448.6283503,-0.006587999872863293,0.005123999901115894,0.9523319602012634
1510504448.6454225,-0.008051999844610691,0.0058559998869895935,0.9537959694862366
1510504448.6624737,-0.006587999872863293,0.008051999844610691,0.9625799655914307
1510504448.6795154,-0.0058559998869895935,0.005123999901115894,0.9545279741287231
1510504448.6966,-0.004391999915242195,0.003659999929368496,0.945743978023529
1510504448.7136443,-0.0058559998869895935,0.0058559998869895935,0.9552599787712097
1510504448.7306938,-0.005123999901115894,0.004391999915242195,0.9552599787712097
1510504448.7477636,-0.008051999844610691,0.004391999915242195,0.9508680105209351
1510504448.7648065,-0.00878399983048439,0.004391999915242195,0.9611159563064575
1510504448.7818573,-0.010247999802231789,0.0058559998869895935,0.9574559926986694
1510504448.798904,-0.005123999901115894,0.006587999872863293,0.9596520066261292
1510504448.8159473,-0.005123999901115894,0.005123999901115894,0.9494040012359619
1510504448.8330007,-0.004391999915242195,0.004391999915242195,0.9537959694862366
1510504448.8500688,-0.007319999858736992,0.0058559998869895935,0.9559919834136963
1510504448.8671172,-0.007319999858736992,0.003659999929368496,0.9559919834136963
1510504448.8841622,-0.007319999858736992,0.005123999901115894,0.9552599787712097
1510504448.9012089,-0.0058559998869895935,0.006587999872863293,0.9545279741287231
1510504448.9182577,-0.005123999901115894,0.005123999901115894,0.9420839548110962
1510504448.935309,-0.0058559998869895935,0.008051999844610691,0.9472079873085022
1510504448.9561896,-0.0058559998869895935,0.005123999901115894,0.9625799655914307
1510504448.9732382,-0.0058559998869895935,0.005123999901115894,0.9450119733810425
1510504448.9902885,-0.006587999872863293,0.006587999872863293,0.9486719965934753
1510504449.0073323,-0.00878399983048439,0.005123999901115894,0.9545279741287231
1510504449.0244024,-0.0058559998869895935,0.007319999858736992,0.9450119733810425
1510504449.0414252,-0.007319999858736992,0.00878399983048439,0.9391559958457947
1510504449.0584757,-0.004391999915242195,0.007319999858736992,0.9479399919509888
1510504449.0755227,-0.004391999915242195,0.0058559998869895935,0.9442799687385559
1510504449.0925767,-0.005123999901115894,0.005123999901115894,0.9494040012359619
1510504449.1096597,-0.004391999915242195,0.003659999929368496,0.9552599787712097
1510504449.1267064,-0.005123999901115894,0.004391999915242195,0.9428159594535828
1510504449.143783,-0.008051999844610691,0.005123999901115894,0.9413520097732544
1510504449.1608615,-0.0058559998869895935,0.005123999901115894,0.9479399919509888
1510504449.1779072,-0.003659999929368496,0.0058559998869895935,0.9413520097732544
1510504449.194955,-0.003659999929368496,0.005123999901115894,0.9413520097732544
1510504449.212005,-0.006587999872863293,0.0058559998869895935,0.9384239912033081
1510504449.2290509,-0.004391999915242195,0.007319999858736992,0.9486719965934753
1510504449.2461188,-0.0058559998869895935,0.005123999901115894,0.9428159594535828
1510504449.2631721,-0.00878399983048439,0.0058559998869895935,0.9325679540634155
1510504449.2802193,-0.0058559998869895935,0.008051999844610691,0.9442799687385559
1510504449.297266,-0.0058559998869895935,0.004391999915242195,0.9413520097732544
1510504449.314311,-0.003659999929368496,0.005123999901115894,0.9391559958457947
1510504449.331359,-0.006587999872863293,0.006587999872863293,0.9398880004882812
1510504449.352244,-0.008051999844610691,0.0058559998869895935,0.9311040043830872
1510504449.369288,-0.00878399983048439,0.007319999858736992,0.9384239912033081
1510504449.3863335,-0.008051999844610691,0.005123999901115894,0.9486719965934753
1510504449.4033775,-0.006587999872863293,0.008051999844610691,0.9332999587059021
1510504449.4204285,-0.004391999915242195,0.007319999858736992,0.9362279772758484
1510504449.4374712,-0.007319999858736992,0.007319999858736992,0.9420839548110962
1510504449.4545412,-0.004391999915242195,0.0058559998869895935,0.9325679540634155
1510504449.4715939,-0.0058559998869895935,0.0058559998869895935,0.9413520097732544
1510504449.4886398,-0.006587999872863293,0.004391999915242195,0.9413520097732544
1510504449.5056868,-0.004391999915242195,0.003659999929368496,0.9486719965934753
1510504449.5227315,-0.010979999788105488,0.005123999901115894,0.9398880004882812
1510504449.53981,-0.005123999901115894,0.0058559998869895935,0.9354959726333618
1510504449.5568802,-0.0058559998869895935,0.0058559998869895935,0.9472079873085022
1510504449.5739288,-0.0058559998869895935,0.0058559998869895935,0.9289079904556274
1510504449.5909815,-0.005123999901115894,0.004391999915242195,0.9611159563064575
1510504449.6080244,-0.008051999844610691,0.005123999901115894,0.9347639679908752
1510504449.6250691,-0.004391999915242195,0.0029279999434947968,0.9274439811706543
1510504449.6421125,-0.0058559998869895935,0.007319999858736992,0.924515962600708
1510504449.6591828,-0.004391999915242195,0.006587999872863293,0.9435479640960693
1510504449.6762269,-0.006587999872863293,0.006587999872863293,0.9501360058784485
1510504449.6932757,-0.0058559998869895935,0.0058559998869895935,0.9354959726333618
1510504449.7103271,-0.005123999901115894,0.0058559998869895935,0.9332999587059021
1510504449.7273726,-0.0058559998869895935,0.006587999872863293,0.9398880004882812
1510504449.7482293,-0.0058559998869895935,0.004391999915242195,0.9398880004882812
1510504449.7653043,-0.0058559998869895935,0.0058559998869895935,0.9472079873085022
1510504449.7823563,-0.008051999844610691,0.006587999872863293,0.936959981918335
1510504449.7994301,-0.0058559998869895935,0.005123999901115894,0.9398880004882812
1510504449.816475,-0.006587999872863293,0.005123999901115894,0.936959981918335
1510504449.8335216,-0.007319999858736992,0.005123999901115894,0.9479399919509888
1510504449.8505983,-0.008051999844610691,0.0058559998869895935,0.9391559958457947
1510504449.8676453,-0.008051999844610691,0.006587999872863293,0.9501360058784485
1510504449.8846917,-0.005123999901115894,0.006587999872863293,0.9391559958457947
1510504449.9017375,-0.0058559998869895935,0.0058559998869895935,0.936959981918335
1510504449.9187832,-0.005123999901115894,0.0058559998869895935,0.9442799687385559
1510504449.9360993,-0.008051999844610691,0.004391999915242195,0.9311040043830872
1510504449.9531834,-0.0058559998869895935,0.0058559998869895935,0.936959981918335
1510504449.9702342,-0.004391999915242195,0.004391999915242195,0.9398880004882812
1510504449.9872808,-0.010247999802231789,0.0058559998869895935,0.9472079873085022
1510504450.00433,-0.005123999901115894,0.004391999915242195,0.936959981918335
1510504450.0213847,-0.004391999915242195,0.005123999901115894,0.9318360090255737
1510504450.0384264,-0.007319999858736992,0.005123999901115894,0.936959981918335
1510504450.0555005,-0.005123999901115894,0.006587999872863293,0.95306396484375
1510504450.072556,-0.010979999788105488,0.006587999872863293,0.9354959726333618
1510504450.0895994,-0.005123999901115894,0.004391999915242195,0.9450119733810425
1510504450.1066933,-0.0058559998869895935,0.007319999858736992,0.9413520097732544
1510504450.1237373,-0.005123999901115894,0.005123999901115894,0.9332999587059021
1510504450.1407886,-0.0058559998869895935,0.0058559998869895935,0.9376919865608215
1510504450.1578572,-0.003659999929368496,0.005123999901115894,0.9442799687385559
1510504450.174902,-0.0058559998869895935,0.0058559998869895935,0.9347639679908752
1510504450.1957505,-0.004391999915242195,0.003659999929368496,0.9420839548110962
1510504450.2128017,-0.004391999915242195,0.006587999872863293,0.9464759826660156
1510504450.2298787,-0.00951599981635809,0.008051999844610691,0.9340319633483887
1510504450.2469234,-0.007319999858736992,0.00951599981635809,0.9398880004882812
1510504450.2639983,-0.005123999901115894,0.005123999901115894,0.9486719965934753
1510504450.2810543,-0.006587999872863293,0.006587999872863293,0.9545279741287231
1510504450.2981007,-0.007319999858736992,0.005123999901115894,0.9508680105209351
1510504450.315152,-0.008051999844610691,0.004391999915242195,0.9398880004882812
1510504450.3322022,-0.004391999915242195,0.004391999915242195,0.9464759826660156
1510504450.349247,-0.005123999901115894,0.0058559998869895935,0.9552599787712097
1510504450.366315,-0.005123999901115894,0.007319999858736992,0.9486719965934753
1510504450.3833625,-0.007319999858736992,0.007319999858736992,0.9567239880561829
1510504450.400416,-0.005123999901115894,0.005123999901115894,0.9596520066261292
1510504450.4174664,-0.008051999844610691,0.005123999901115894,0.9625799655914307
1510504450.434512,-0.0058559998869895935,0.005123999901115894,0.9633119702339172
1510504450.4515662,-0.0058559998869895935,0.006587999872863293,0.9728279709815979
1510504450.4686368,-0.005123999901115894,0.005123999901115894,0.9567239880561829
1510504450.4856791,-0.0058559998869895935,0.006587999872863293,0.9772199988365173
1510504450.502732,-0.006587999872863293,0.004391999915242195,0.9684360027313232
1510504450.5198185,-0.007319999858736992,0.006587999872863293,0.9625799655914307
1510504450.536862,-0.006587999872863293,0.0058559998869895935,0.965507984161377
1510504450.5539088,-0.0058559998869895935,0.007319999858736992,0.9713639616966248
1510504450.5709863,-0.006587999872863293,0.004391999915242195,0.9677039980888367
1510504450.5918336,-0.005123999901115894,0.005123999901115894,0.9764879941940308
1510504450.6088827,-0.006587999872863293,0.006587999872863293,0.9713639616966248
1510504450.6258938,-0.0029279999434947968,0.0058559998869895935,0.9750239849090576
1510504450.6429346,-0.0029279999434947968,0.0058559998869895935,0.9838079810142517
1510504450.6600084,-0.008051999844610691,0.003659999929368496,0.9786840081214905
1510504450.677088,-0.00951599981635809,0.0058559998869895935,0.9830759763717651
1510504450.6941354,-0.006587999872863293,0.005123999901115894,0.9860039949417114
1510504450.7111928,-0.005123999901115894,0.004391999915242195,0.9823439717292786
1510504450.7282379,-0.003659999929368496,0.004391999915242195,0.9786840081214905
1510504450.7452865,-0.004391999915242195,0.008051999844610691,0.981611967086792
1510504450.7623591,-0.0058559998869895935,0.005123999901115894,0.9838079810142517
1510504450.7794082,-0.007319999858736992,0.005123999901115894,0.9947879910469055
1510504450.7964535,-0.010247999802231789,0.007319999858736992,0.9984479546546936
1510504450.8135026,-0.006587999872863293,0.0058559998869895935,0.9969840049743652
1510504450.8305502,-0.007319999858736992,0.007319999858736992,0.9984479546546936
1510504450.8476334,-0.005123999901115894,0.007319999858736992,0.9925919771194458
1510504450.8647065,-0.0058559998869895935,0.004391999915242195,0.9977160096168518
1510504450.8817549,-0.006587999872863293,0.005123999901115894,0.9918599724769592
1510504450.8988,-0.004391999915242195,0.005123999901115894,0.9750239849090576
1510504450.9158711,-0.004391999915242195,0.0058559998869895935,0.9779520034790039
1510504450.932951,-0.0058559998869895935,0.005123999901115894,0.9903959631919861
1510504450.9500067,-0.007319999858736992,0.005123999901115894,0.9947879910469055
1510504450.9670777,-0.007319999858736992,0.006587999872863293,0.994055986404419
1510504450.9841278,-0.003659999929368496,0.003659999929368496,0.9969840049743652
1510504451.0049832,-0.005123999901115894,0.0058559998869895935,0.9852719902992249
1510504451.0220387,-0.008051999844610691,0.005123999901115894,0.9874680042266846
1510504451.0390825,-0.008051999844610691,0.005123999901115894,0.9823439717292786
1510504451.0561283,-0.005123999901115894,0.005123999901115894,0.9896639585494995
1510504451.0732083,-0.0058559998869895935,0.005123999901115894,0.9933239817619324
1510504451.0902553,-0.0058559998869895935,0.006587999872863293,0.9794159531593323
1510504451.107302,-0.0058559998869895935,0.005123999901115894,0.9830759763717651
1510504451.124347,-0.006587999872863293,0.0058559998869895935,0.9889319539070129
1510504451.1413972,-0.0058559998869895935,0.005123999901115894,0.9955199956893921
1510504451.158439,-0.006587999872863293,0.00878399983048439,1.0021079778671265
1510504451.175515,-0.0058559998869895935,0.004391999915242195,0.9947879910469055
1510504451.1925719,-0.004391999915242195,0.005123999901115894,0.9838079810142517
1510504451.2096608,-0.0058559998869895935,0.003659999929368496,0.9823439717292786
1510504451.2267113,-0.0058559998869895935,0.005123999901115894,0.9882000088691711
1510504451.2437623,-0.005123999901115894,0.006587999872863293,0.9918599724769592
1510504451.2608168,-0.008051999844610691,0.006587999872863293,0.994055986404419
1510504451.2778888,-0.005123999901115894,0.007319999858736992,0.9882000088691711
1510504451.2949378,-0.006587999872863293,0.006587999872863293,0.9823439717292786
1510504451.3119895,-0.010247999802231789,0.0058559998869895935,0.9925919771194458
1510504451.3290677,-0.00878399983048439,0.0058559998869895935,0.9947879910469055
1510504451.34612,-0.008051999844610691,0.007319999858736992,0.9933239817619324
1510504451.363179,-0.005123999901115894,0.004391999915242195,0.9896639585494995
1510504451.3802536,-0.004391999915242195,0.004391999915242195,0.9808799624443054
1510504451.3973029,-0.005123999901115894,0.004391999915242195,0.9889319539070129
1510504451.4181576,-0.007319999858736992,0.005123999901115894,0.9838079810142517
1510504451.4352078,-0.007319999858736992,0.006587999872863293,0.9969840049743652
1510504451.452308,-0.006587999872863293,0.004391999915242195,0.9955199956893921
1510504451.4693568,-0.006587999872863293,0.004391999915242195,0.9925919771194458
1510504451.4864323,-0.006587999872863293,0.0058559998869895935,0.9903959631919861
1510504451.5034823,-0.004391999915242195,0.0058559998869895935,0.9874680042266846
1510504451.5205376,-0.004391999915242195,0.004391999915242195,0.9984479546546936
1510504451.5375845,-0.006587999872863293,0.005123999901115894,1.0028399229049683
1510504451.5546334,-0.005123999901115894,0.005123999901115894,0.9903959631919861
1510504451.571708,-0.004391999915242195,0.006587999872863293,0.9852719902992249
1510504451.5887532,-0.005123999901115894,0.0058559998869895935,0.9889319539070129
1510504451.6058455,-0.006587999872863293,0.003659999929368496,0.9882000088691711
1510504451.622901,-0.0058559998869895935,0.005123999901115894,0.9969840049743652
1510504451.6399484,-0.007319999858736992,0.0058559998869895935,0.9991799592971802
1510504451.6569984,-0.005123999901115894,0.00878399983048439,0.9896639585494995
1510504451.6740785,-0.0058559998869895935,0.0058559998869895935,0.9860039949417114
1510504451.6914291,-0.005123999901115894,0.004391999915242195,0.9918599724769592
1510504451.708483,-0.005123999901115894,0.0058559998869895935,0.9896639585494995
1510504451.7255359,-0.007319999858736992,0.007319999858736992,0.9955199956893921
1510504451.7425916,-0.006587999872863293,0.004391999915242195,0.9860039949417114
1510504451.7596877,-0.004391999915242195,0.012443999759852886,0.9823439717292786
1510504451.7767668,-0.00878399983048439,0.004391999915242195,0.9882000088691711
1510504451.7938159,-0.011711999773979187,0.0058559998869895935,0.9911279678344727
1510504451.8108687,-0.0058559998869895935,0.005123999901115894,0.9947879910469055
1510504451.827913,-0.0058559998869895935,0.003659999929368496,1.0028399229049683
1510504451.8449638,-0.0058559998869895935,0.004391999915242195,0.9889319539070129
1510504451.8658514,-0.006587999872863293,0.006587999872863293,0.9911279678344727
1510504451.8829584,-0.005123999901115894,0.004391999915242195,0.9882000088691711
1510504451.9000087,-0.005123999901115894,0.006587999872863293,0.9911279678344727
1510504451.9170656,-0.00878399983048439,0.006587999872863293,0.9896639585494995
1510504451.9341168,-0.0058559998869895935,0.005123999901115894,0.9918599724769592
1510504451.9511707,-0.00878399983048439,0.006587999872863293,0.9830759763717651
1510504451.9682174,-0.0058559998869895935,0.0058559998869895935,0.994055986404419
1510504451.9852984,-0.010247999802231789,0.003659999929368496,0.986735999584198
1510504452.0023477,-0.007319999858736992,0.0058559998869895935,0.9903959631919861
1510504452.0194237,-0.005123999901115894,0.0058559998869895935,0.9955199956893921
1510504452.0364792,-0.004391999915242195,0.004391999915242195,0.9874680042266846
1510504452.0535269,-0.0029279999434947968,0.005123999901115894,0.9845399856567383
1510504452.0705814,-0.003659999929368496,0.006587999872863293,0.986735999584198
1510504452.0876539,-0.003659999929368496,0.005123999901115894,0.981611967086792
1510504452.1046991,-0.005123999901115894,0.005123999901115894,0.9874680042266846
1510504452.121748,-0.007319999858736992,0.005123999901115894,0.9947879910469055
1510504452.1387918,-0.0058559998869895935,0.005123999901115894,0.9911279678344727
1510504452.1558433,-0.006587999872863293,0.0058559998869895935,0.9882000088691711
1510504452.1728947,-0.00878399983048439,0.004391999915242195,0.9882000088691711
1510504452.1899703,-0.007319999858736992,0.0058559998869895935,0.9962520003318787
1510504452.2070186,-0.0058559998869895935,0.005123999901115894,1.0013760328292847
1510504452.224075,-0.0058559998869895935,0.004391999915242195,0.9911279678344727
1510504452.2411308,-0.0058559998869895935,0.005123999901115894,0.9852719902992249
1510504452.2581758,-0.006587999872863293,0.007319999858736992,0.9823439717292786
1510504452.2790627,-0.008051999844610691,0.007319999858736992,0.9852719902992249
1510504452.2961442,-0.010979999788105488,0.007319999858736992,0.9947879910469055
1510504452.3131945,-0.010247999802231789,0.008051999844610691,0.9955199956893921
1510504452.3302464,-0.004391999915242195,0.003659999929368496,0.9947879910469055
1510504452.3472939,-0.004391999915242195,0.005123999901115894,0.9925919771194458
1510504452.3643398,-0.006587999872863293,0.005123999901115894,0.986735999584198
1510504452.3814137,-0.010979999788105488,0.006587999872863293,0.9860039949417114
1510504452.3984613,-0.00951599981635809,0.008051999844610691,0.9896639585494995
1510504452.4155116,-0.007319999858736992,0.006587999872863293,0.9984479546546936
1510504452.4325633,-0.0058559998869895935,0.010979999788105488,0.9896639585494995
1510504452.4496112,-0.004391999915242195,0.0058559998869895935,0.9874680042266846
1510504452.466736,-0.0058559998869895935,0.006587999872863293,0.9845399856567383
1510504452.4838078,-0.007319999858736992,0.003659999929368496,0.9860039949417114
1510504452.500871,-0.005123999901115894,0.003659999929368496,0.9969840049743652
1510504452.51791,-0.003659999929368496,0.008051999844610691,0.9977160096168518
1510504452.5349524,-0.003659999929368496,0.008051999844610691,0.9911279678344727
1510504452.5520031,-0.004391999915242195,0.0029279999434947968,0.986735999584198
1510504452.5690439,-0.008051999844610691,0.003659999929368496,0.9925919771194458
1510504452.5861092,-0.010247999802231789,0.005123999901115894,0.9918599724769592
1510504452.6031613,-0.007319999858736992,0.004391999915242195,0.9911279678344727
1510504452.6202097,-0.0058559998869895935,0.004391999915242195,0.986735999584198
1510504452.6372585,-0.006587999872863293,0.005123999901115894,0.9845399856567383
1510504452.6543002,-0.0058559998869895935,0.006587999872863293,0.9933239817619324
1510504452.6713529,-0.010247999802231789,0.007319999858736992,1.0021079778671265
1510504452.6922264,-0.00951599981635809,0.0058559998869895935,1.0006439685821533
1510504452.7092698,-0.004391999915242195,0.0058559998869895935,0.9977160096168518
1510504452.7263124,-0.004391999915242195,0.003659999929368496,0.9918599724769592
1510504452.7433577,-0.006587999872863293,0.005123999901115894,0.9808799624443054
1510504452.7604053,-0.010247999802231789,0.006587999872863293,0.9852719902992249
1510504452.7774472,-0.005123999901115894,0.005123999901115894,0.9896639585494995
1510504452.7945173,-0.004391999915242195,0.007319999858736992,0.9889319539070129
1510504452.8115733,-0.005123999901115894,0.004391999915242195,0.9925919771194458
1510504452.8286161,-0.007319999858736992,0.007319999858736992,0.9860039949417114
1510504452.845663,-0.006587999872863293,0.006587999872863293,0.9838079810142517
1510504452.8627098,-0.010247999802231789,0.004391999915242195,0.9896639585494995
1510504452.880102,-0.007319999858736992,0.0029279999434947968,0.9933239817619324
1510504452.8971732,-0.005123999901115894,0.0058559998869895935,0.9999119639396667
1510504452.9142501,-0.003659999929368496,0.006587999872863293,0.9882000088691711
1510504452.9313061,-0.003659999929368496,0.003659999929368496,0.9794159531593323
1510504452.9483538,-0.007319999858736992,0.005123999901115894,0.9889319539070129
1510504452.965402,-0.008051999844610691,0.0058559998869895935,0.9903959631919861
1510504452.9824536,-0.004391999915242195,0.010247999802231789,0.9903959631919861
1510504452.999527,-0.0058559998869895935,0.004391999915242195,0.9925919771194458
1510504453.0166214,-0.006587999872863293,0.0058559998869895935,0.9889319539070129
1510504453.0336783,-0.0058559998869895935,0.006587999872863293,0.9889319539070129
1510504453.0507288,-0.007319999858736992,0.005123999901115894,0.9925919771194458
1510504453.0677707,-0.005123999901115894,0.0058559998869895935,0.9933239817619324
1510504453.0848136,-0.006587999872863293,0.007319999858736992,0.9925919771194458
1510504453.101891,-0.006587999872863293,0.003659999929368496,0.9838079810142517
1510504453.1189358,-0.006587999872863293,0.006587999872863293,0.9757559895515442
1510504453.1398306,-0.0058559998869895935,0.00878399983048439,0.9852719902992249
1510504453.1568787,-0.00878399983048439,0.010247999802231789,0.9933239817619324
1510504453.173924,-0.0058559998869895935,0.00878399983048439,0.994055986404419
1510504453.191001,-0.008051999844610691,0.005123999901115894,0.994055986404419
1510504453.2080452,-0.005123999901115894,0.0058559998869895935,0.9918599724769592
1510504453.225126,-0.0058559998869895935,0.007319999858736992,0.9911279678344727
1510504453.2421727,-0.005123999901115894,0.005123999901115894,0.9947879910469055
1510504453.2592156,-0.005123999901115894,0.004391999915242195,0.9852719902992249
1510504453.2762618,-0.004391999915242195,0.004391999915242195,0.9933239817619324
1510504453.293365,-0.00878399983048439,0.0058559998869895935,0.9882000088691711
1510504453.310418,-0.005123999901115894,0.004391999915242195,0.9845399856567383
1510504453.3274584,-0.007319999858736992,0.004391999915242195,0.9874680042266846
1510504453.3445094,-0.0058559998869895935,0.008051999844610691,0.9911279678344727
1510504453.3615675,-0.006587999872863293,0.005123999901115894,0.9925919771194458
1510504453.3786085,-0.006587999872863293,0.003659999929368496,0.9984479546546936
1510504453.395677,-0.0058559998869895935,0.004391999915242195,0.9903959631919861
1510504453.4127321,-0.006587999872863293,0.008051999844610691,0.9918599724769592
1510504453.429818,-0.0058559998869895935,0.004391999915242195,0.9933239817619324
