1510504652.7933905,-0.12151199579238892,0.01756799966096878,1.2268320322036743
1510504652.805113,-0.06661199778318405,0.013175999745726585,0.9537959694862366
1510504652.8237815,-0.005123999901115894,0.003659999929368496,0.974291980266571
1510504652.8389304,-0.005123999901115894,0.003659999929368496,0.9720959663391113
1510504652.850568,-0.005123999901115894,0.005123999901115894,0.9684360027313232
1510504652.865717,-0.005123999901115894,0.004391999915242195,0.9720959663391113
1510504652.880814,-0.004391999915242195,0.003659999929368496,0.9720959663391113
1510504652.8924732,-0.005123999901115894,0.0021959999576210976,0.9669719934463501
1510504652.9076207,-0.0021959999576210976,0.019763998687267303,0.965507984161377
1510504652.9192595,0.00951599981635809,0.06075599789619446,0.9677039980888367
1510504652.9344094,-0.010979999788105488,-0.013175999745726585,0.9706319570541382
1510504652.953071,-0.006587999872863293,-0.0029279999434947968,0.9691680073738098
1510504652.9682193,-0.00878399983048439,-0.010247999802231789,0.9647759795188904
1510504652.9798546,-0.00878399983048439,0.187391996383667,0.9662399888038635
1510504652.9950073,-0.005123999901115894,0.0021959999576210976,0.9684360027313232
1510504653.0101557,-0.005123999901115894,0.0029279999434947968,0.9691680073738098
1510504653.021791,-0.005123999901115894,0.003659999929368496,0.9713639616966248
1510504653.0369387,-0.005123999901115894,0.003659999929368496,0.9684360027313232
1510504653.0485766,-0.003659999929368496,0.0029279999434947968,0.9706319570541382
1510504653.0637293,-0.004391999915242195,0.003659999929368496,0.9713639616966248
1510504653.078876,-0.003659999929368496,0.0029279999434947968,0.9684360027313232
1510504653.0905113,-0.005123999901115894,0.003659999929368496,0.9669719934463501
1510504653.1056576,-0.004391999915242195,0.005123999901115894,0.9706319570541382
1510504653.117294,-0.004391999915242195,0.0029279999434947968,0.9728279709815979
1510504653.1323962,-0.006587999872863293,0.003659999929368496,0.9706319570541382
1510504653.1510522,-0.006587999872863293,0.003659999929368496,0.9691680073738098
1510504653.166202,-0.007319999858736992,0.003659999929368496,0.9684360027313232
1510504653.1778355,-0.005123999901115894,0.0029279999434947968,0.9691680073738098
1510504653.1929839,-0.0058559998869895935,0.0029279999434947968,0.9728279709815979
1510504653.208129,-0.003659999929368496,0.0029279999434947968,0.9720959663391113
1510504653.2197642,-0.006587999872863293,0.004391999915242195,0.9706319570541382
1510504653.234915,-0.004391999915242195,0.003659999929368496,0.9698999524116516
1510504653.2465508,-0.0058559998869895935,0.0029279999434947968,0.9720959663391113
1510504653.261701,-0.003659999929368496,0.003659999929368496,0.9713639616966248
1510504653.276849,-0.006587999872863293,0.003659999929368496,0.9728279709815979
1510504653.2884831,-0.005123999901115894,0.003659999929368496,0.9698999524116516
1510504653.303636,-0.004391999915242195,0.003659999929368496,0.9720959663391113
1510504653.3152726,-0.004391999915242195,0.003659999929368496,0.9735599756240845
1510504653.3304152,-0.006587999872863293,0.003659999929368496,0.9735599756240845
1510504653.3490722,-0.006587999872863293,0.003659999929368496,0.9728279709815979
1510504653.3676884,-0.005123999901115894,0.003659999929368496,0.9764879941940308
1510504653.38846,-0.004391999915242195,0.004391999915242195,0.9750239849090576
1510504653.4055004,-0.006587999872863293,0.003659999929368496,0.9691680073738098
1510504653.422597,-0.0058559998869895935,0.0029279999434947968,0.9750239849090576
1510504653.4396431,-0.0058559998869895935,0.0029279999434947968,0.9713639616966248
1510504653.4567091,-0.0058559998869895935,0.0029279999434947968,0.9706319570541382
1510504653.4737563,-0.004391999915242195,0.004391999915242195,0.9750239849090576
1510504653.490794,-0.004391999915242195,0.0029279999434947968,0.9750239849090576
1510504653.5078394,-0.0029279999434947968,0.003659999929368496,0.9633119702339172
1510504653.524886,-0.004391999915242195,0.003659999929368496,0.9808799624443054
1510504653.541923,-0.004391999915242195,0.0029279999434947968,0.9772199988365173
1510504653.559026,-0.0058559998869895935,0.0029279999434947968,0.9801479578018188
1510504653.5760686,-0.006587999872863293,0.004391999915242195,0.9801479578018188
1510504653.5931137,-0.005123999901115894,0.003659999929368496,0.974291980266571
1510504653.6101482,-0.0058559998869895935,0.0058559998869895935,0.974291980266571
1510504653.6271634,-0.003659999929368496,0.004391999915242195,0.9772199988365173
1510504653.6441627,-0.004391999915242195,0.005123999901115894,0.9757559895515442
1510504653.6612258,-0.004391999915242195,0.003659999929368496,0.9735599756240845
1510504653.678265,-0.004391999915242195,0.0029279999434947968,0.9757559895515442
1510504653.6953156,-0.007319999858736992,0.0014639999717473984,0.9772199988365173
1510504653.7161639,-0.006587999872863293,0.0021959999576210976,0.9757559895515442
1510504653.7332113,-0.003659999929368496,0.0029279999434947968,0.9779520034790039
1510504653.7502513,-0.005123999901115894,0.003659999929368496,0.9772199988365173
1510504653.7673156,-0.004391999915242195,0.004391999915242195,0.9801479578018188
1510504653.784364,-0.004391999915242195,0.0058559998869895935,0.9750239849090576
1510504653.8013997,-0.005123999901115894,0.003659999929368496,0.9764879941940308
1510504653.8184385,-0.0058559998869895935,0.003659999929368496,0.9801479578018188
1510504653.8354812,-0.0058559998869895935,0.003659999929368496,0.9779520034790039
1510504653.8525262,-0.006587999872863293,0.0029279999434947968,0.9750239849090576
1510504653.8696225,-0.0058559998869895935,0.0029279999434947968,0.9794159531593323
1510504653.886565,-0.0058559998869895935,0.0021959999576210976,0.9794159531593323
1510504653.9036133,-0.004391999915242195,0.004391999915242195,0.9757559895515442
1510504653.920655,-0.003659999929368496,0.004391999915242195,0.9794159531593323
1510504653.9376945,-0.0029279999434947968,0.003659999929368496,0.9808799624443054
1510504653.9547408,-0.003659999929368496,0.003659999929368496,0.9772199988365173
1510504653.9718049,-0.007319999858736992,0.003659999929368496,0.981611967086792
1510504653.9888422,-0.0058559998869895935,0.0029279999434947968,0.9794159531593323
1510504654.005881,-0.00951599981635809,0.0021959999576210976,0.9786840081214905
1510504654.0229247,-0.0058559998869895935,0.0029279999434947968,0.9794159531593323
1510504654.0399642,-0.005123999901115894,0.0029279999434947968,0.9801479578018188
1510504654.057006,-0.005123999901115894,0.0029279999434947968,0.986735999584198
1510504654.0740864,-0.0029279999434947968,0.0014639999717473984,0.9823439717292786
1510504654.0911295,-0.0058559998869895935,0.0021959999576210976,0.9728279709815979
1510504654.1120446,-0.0058559998869895935,0.0029279999434947968,0.9830759763717651
1510504654.1290455,-0.0058559998869895935,0.005123999901115894,0.9830759763717651
1510504654.1460834,-0.0029279999434947968,0.006587999872863293,0.9882000088691711
1510504654.163154,-0.0021959999576210976,0.005123999901115894,0.981611967086792
1510504654.1801927,-0.004391999915242195,0.003659999929368496,0.9772199988365173
1510504654.1972332,-0.008051999844610691,0.0021959999576210976,0.9801479578018188
1510504654.214183,-0.008051999844610691,0.0021959999576210976,0.9838079810142517
1510504654.2312324,-0.008051999844610691,-0.18665999174118042,0.981611967086792
1510504654.2482712,-0.004391999915242195,0.003659999929368496,0.981611967086792
1510504654.2653728,-0.005123999901115894,0.003659999929368496,0.9838079810142517
1510504654.2824216,-0.004391999915242195,0.0029279999434947968,0.9786840081214905
1510504654.299461,-0.004391999915242195,0.003659999929368496,0.9830759763717651
1510504654.316505,-0.003659999929368496,0.0021959999576210976,0.981611967086792
1510504654.333552,-0.004391999915242195,0.0029279999434947968,0.981611967086792
1510504654.3505907,-0.005123999901115894,0.003659999929368496,0.9830759763717651
1510504654.3676524,-0.00878399983048439,0.004391999915242195,0.9808799624443054
1510504654.3845942,-0.006587999872863293,0.003659999929368496,0.9808799624443054
1510504654.4016335,-0.00878399983048439,0.0029279999434947968,0.9838079810142517
1510504654.4186747,-0.006587999872863293,0.0029279999434947968,0.9830759763717651
1510504654.4373374,-0.003659999929368496,0.003659999929368496,0.9823439717292786
1510504654.4543114,-0.003659999929368496,0.003659999929368496,0.9889319539070129
1510504654.4713812,-0.004391999915242195,0.003659999929368496,0.9852719902992249
1510504654.4884326,-0.004391999915242195,0.0058559998869895935,0.9845399856567383
1510504654.5054808,-0.0058559998869895935,0.005123999901115894,0.9874680042266846
1510504654.5225306,-0.006587999872863293,0.0007319999858736992,0.9823439717292786
1510504654.5396097,-0.0058559998869895935,0.0029279999434947968,0.9874680042266846
1510504654.5566537,-0.004391999915242195,0.003659999929368496,0.981611967086792
1510504654.5737262,-0.0058559998869895935,0.0029279999434947968,0.9838079810142517
1510504654.5907745,-0.008051999844610691,0.0021959999576210976,0.9823439717292786
1510504654.6078227,-0.003659999929368496,0.003659999929368496,0.9838079810142517
1510504654.6248696,-0.0029279999434947968,0.004391999915242195,0.9852719902992249
1510504654.6457098,-0.003659999929368496,0.004391999915242195,0.986735999584198
1510504654.6627555,-0.003659999929368496,0.0029279999434947968,0.9845399856567383
1510504654.679822,-0.0058559998869895935,0.0029279999434947968,0.986735999584198
1510504654.6968749,-0.010247999802231789,0.0029279999434947968,0.9801479578018188
1510504654.7139213,-0.007319999858736992,0.003659999929368496,0.9845399856567383
1510504654.7309701,-0.006587999872863293,0.003659999929368496,0.9860039949417114
1510504654.7480133,-0.005123999901115894,0.004391999915242195,0.9852719902992249
1510504654.7650616,-0.0058559998869895935,0.004391999915242195,0.9860039949417114
1510504654.7821658,-0.003659999929368496,0.0021959999576210976,0.9845399856567383
1510504654.7992122,-0.004391999915242195,0.0029279999434947968,0.9794159531593323
1510504654.8162549,-0.0029279999434947968,0.0021959999576210976,0.9845399856567383
1510504654.833304,-0.007319999858736992,0.0029279999434947968,0.9852719902992249
1510504654.8503447,-0.004391999915242195,0.004391999915242195,0.9838079810142517
1510504654.8673837,-0.0058559998869895935,0.005123999901115894,0.9874680042266846
1510504654.8843555,-0.005123999901115894,0.004391999915242195,0.9860039949417114
1510504654.901403,-0.0058559998869895935,0.004391999915242195,0.9808799624443054
1510504654.918451,-0.004391999915242195,0.003659999929368496,0.9852719902992249
1510504654.935494,-0.003659999929368496,-0.1844639927148819,0.9874680042266846
1510504654.9525354,-0.003659999929368496,0.0021959999576210976,0.9845399856567383
1510504654.9695742,-0.006587999872863293,0.005123999901115894,0.9830759763717651
1510504654.9866402,-0.004391999915242195,0.0058559998869895935,0.9845399856567383
1510504655.003695,-0.005123999901115894,0.003659999929368496,0.9801479578018188
1510504655.0245428,-0.004391999915242195,0.0021959999576210976,0.9838079810142517
1510504655.0415807,-0.005123999901115894,0.0029279999434947968,0.9845399856567383
1510504655.0586226,-0.004391999915242195,0.003659999929368496,0.9845399856567383
1510504655.0756922,-0.007319999858736992,0.003659999929368496,0.9874680042266846
1510504655.092738,-0.005123999901115894,0.007319999858736992,0.986735999584198
1510504655.1097775,-0.006587999872863293,0.004391999915242195,0.9852719902992249
1510504655.1267986,-0.004391999915242195,0.0029279999434947968,0.9845399856567383
1510504655.1437945,-0.003659999929368496,0.0029279999434947968,0.9801479578018188
1510504655.160836,-0.003659999929368496,0.0029279999434947968,0.9852719902992249
1510504655.1779025,-0.0058559998869895935,0.0029279999434947968,0.9838079810142517
1510504655.194953,-0.00951599981635809,0.003659999929368496,0.9852719902992249
1510504655.2120304,-0.006587999872863293,0.0058559998869895935,0.9830759763717651
1510504655.2290678,-0.003659999929368496,0.005123999901115894,0.9852719902992249
1510504655.2461042,-0.004391999915242195,0.005123999901115894,0.9860039949417114
1510504655.2631454,-0.004391999915242195,0.003659999929368496,0.9838079810142517
1510504655.2802064,-0.006587999872863293,0.0021959999576210976,0.9823439717292786
1510504655.2972462,-0.005123999901115894,0.0029279999434947968,0.9801479578018188
1510504655.3142896,-0.007319999858736992,0.0014639999717473984,0.9860039949417114
1510504655.3313315,-0.0058559998869895935,0.0029279999434947968,0.9882000088691711
1510504655.348385,-0.004391999915242195,0.004391999915242195,0.9882000088691711
1510504655.3654304,-0.0029279999434947968,0.005123999901115894,0.9889319539070129
1510504655.3824205,-0.006587999872863293,0.0058559998869895935,0.986735999584198
1510504655.403272,-0.006587999872863293,0.003659999929368496,0.9852719902992249
1510504655.4203138,-0.010247999802231789,0.0029279999434947968,0.9823439717292786
1510504655.4373538,-0.0058559998869895935,0.0029279999434947968,0.9830759763717651
1510504655.4544,-0.0058559998869895935,0.004391999915242195,0.9852719902992249
1510504655.4714367,-0.003659999929368496,0.004391999915242195,0.986735999584198
1510504655.488466,-0.0029279999434947968,0.003659999929368496,0.9882000088691711
1510504655.5054872,-0.004391999915242195,0.003659999929368496,0.986735999584198
1510504655.522524,-0.005123999901115894,0.0029279999434947968,0.9838079810142517
1510504655.5395634,-0.007319999858736992,0.0029279999434947968,0.9838079810142517
1510504655.5566018,-0.004391999915242195,0.0021959999576210976,0.9860039949417114
1510504655.5736454,-0.005123999901115894,0.003659999929368496,0.9860039949417114
1510504655.590709,-0.005123999901115894,0.0029279999434947968,0.9845399856567383
1510504655.607751,-0.004391999915242195,0.003659999929368496,0.9874680042266846
1510504655.624793,-0.004391999915242195,0.003659999929368496,0.9838079810142517
1510504655.6417851,-0.006587999872863293,0.003659999929368496,0.9852719902992249
1510504655.6588256,-0.003659999929368496,0.0029279999434947968,0.986735999584198
1510504655.6758885,-0.004391999915242195,0.003659999929368496,0.986735999584198
1510504655.692937,-0.004391999915242195,0.004391999915242195,0.9889319539070129
1510504655.709975,-0.0058559998869895935,0.006587999872863293,0.9852719902992249
1510504655.727015,-0.0058559998869895935,0.0029279999434947968,0.9860039949417114
1510504655.7440581,-0.0058559998869895935,0.004391999915242195,0.9808799624443054
1510504655.764907,-0.003659999929368496,0.0021959999576210976,0.9860039949417114
1510504655.7820125,-0.004391999915242195,0.003659999929368496,0.9889319539070129
1510504655.7990544,-0.005123999901115894,0.003659999929368496,0.9845399856567383
1510504655.8160937,-0.0058559998869895935,0.003659999929368496,0.9860039949417114
1510504655.833139,-0.005123999901115894,0.004391999915242195,0.9889319539070129
1510504655.8501732,-0.0058559998869895935,0.005123999901115894,0.9772199988365173
1510504655.8672106,-0.007319999858736992,0.0029279999434947968,0.9852719902992249
1510504655.8841846,-0.006587999872863293,0.0029279999434947968,0.9933239817619324
1510504655.9012237,-0.005123999901115894,0.0029279999434947968,0.9947879910469055
1510504655.9182644,-0.004391999915242195,0.003659999929368496,0.9823439717292786
1510504655.9353075,-0.0058559998869895935,0.003659999929368496,0.9852719902992249
1510504655.9523547,-0.003659999929368496,0.0029279999434947968,0.9874680042266846
1510504655.9693918,-0.0029279999434947968,0.003659999929368496,0.9860039949417114
1510504655.9864588,-0.0029279999434947968,0.003659999929368496,0.9889319539070129
1510504656.0035076,-0.008051999844610691,0.0014639999717473984,0.9903959631919861
1510504656.0205455,-0.011711999773979187,0.0021959999576210976,0.9882000088691711
1510504656.0375843,-0.007319999858736992,0.0029279999434947968,0.9852719902992249
1510504656.0546231,-0.0058559998869895935,0.0029279999434947968,0.986735999584198
1510504656.0716617,-0.0021959999576210976,0.003659999929368496,0.9823439717292786
1510504656.0887256,-0.0029279999434947968,0.007319999858736992,0.986735999584198
1510504656.105764,-0.003659999929368496,0.004391999915242195,0.986735999584198
1510504656.1228125,-0.006587999872863293,0.003659999929368496,0.9874680042266846
1510504656.1435962,-0.005123999901115894,0.0007319999858736992,0.9838079810142517
1510504656.1606352,-0.00878399983048439,0.0029279999434947968,0.9845399856567383
1510504656.1779404,-0.004391999915242195,0.003659999929368496,0.9845399856567383
1510504656.1950245,-0.0058559998869895935,0.004391999915242195,0.9889319539070129
1510504656.2121048,-0.005123999901115894,0.003659999929368496,0.9860039949417114
1510504656.2291446,-0.003659999929368496,0.003659999929368496,0.9845399856567383
1510504656.2461867,-0.004391999915242195,0.0021959999576210976,0.9874680042266846
1510504656.2632327,-0.004391999915242195,0.0021959999576210976,0.9860039949417114
1510504656.2802908,-0.004391999915242195,0.0029279999434947968,0.9874680042266846
1510504656.2972488,-0.004391999915242195,0.0029279999434947968,0.9882000088691711
1510504656.314304,-0.005123999901115894,0.003659999929368496,0.9838079810142517
1510504656.3313453,-0.007319999858736992,0.003659999929368496,0.9882000088691711
1510504656.3483808,-0.0058559998869895935,0.004391999915242195,0.9852719902992249
1510504656.3654227,-0.008051999844610691,0.0029279999434947968,0.986735999584198
1510504656.38239,-0.004391999915242195,0.005123999901115894,0.981611967086792
1510504656.3994281,-0.005123999901115894,0.0029279999434947968,0.9903959631919861
1510504656.416469,-0.0058559998869895935,0.003659999929368496,0.9911279678344727
1510504656.4335132,-0.005123999901115894,0.004391999915242195,0.9845399856567383
1510504656.4505467,-0.005123999901115894,0.005123999901115894,0.986735999584198
1510504656.4675853,-0.003659999929368496,0.0029279999434947968,0.9728279709815979
1510504656.484654,-0.005123999901115894,0.0029279999434947968,0.9903959631919861
1510504656.5016973,-0.008051999844610691,0.0014639999717473984,0.9735599756240845
1510504656.5187397,-0.00951599981635809,0.003659999929368496,0.9896639585494995
1510504656.539492,-0.005123999901115894,0.004391999915242195,0.9903959631919861
1510504656.5565288,-0.004391999915242195,0.004391999915242195,0.9903959631919861
1510504656.573563,-0.003659999929368496,0.0029279999434947968,0.986735999584198
1510504656.5906413,-0.003659999929368496,0.003659999929368496,0.9889319539070129
1510504656.6076846,-0.011711999773979187,0.0029279999434947968,0.9845399856567383
1510504656.6247354,-0.012443999759852886,0.004391999915242195,0.9903959631919861
1510504656.6416962,-0.013175999745726585,0.003659999929368496,0.986735999584198
1510504656.6587377,-0.004391999915242195,0.003659999929368496,0.9903959631919861
1510504656.675778,-0.003659999929368496,0.0029279999434947968,0.9889319539070129
1510504656.6928577,-0.0021959999576210976,0.003659999929368496,0.9882000088691711
1510504656.7098994,-0.004391999915242195,0.004391999915242195,0.9896639585494995
1510504656.7269378,-0.005123999901115894,0.004391999915242195,0.986735999584198
1510504656.7439847,-0.005123999901115894,0.003659999929368496,0.9830759763717651
1510504656.7610278,-0.005123999901115894,0.0021959999576210976,0.9889319539070129
1510504656.7780645,-0.007319999858736992,0.0029279999434947968,0.9896639585494995
1510504656.795139,-0.007319999858736992,0.003659999929368496,0.9852719902992249
1510504656.8122091,-0.004391999915242195,0.0058559998869895935,0.9925919771194458
1510504656.8292515,-0.008051999844610691,0.0058559998869895935,0.9838079810142517
1510504656.8462925,-0.004391999915242195,0.003659999929368496,0.9860039949417114
1510504656.863338,-0.0029279999434947968,0.003659999929368496,0.9860039949417114
1510504656.8803184,-0.0029279999434947968,0.0029279999434947968,0.9882000088691711
1510504656.9011834,-0.003659999929368496,0.003659999929368496,0.9889319539070129
1510504656.918226,-0.006587999872863293,0.003659999929368496,0.9882000088691711
1510504656.9352946,-0.00878399983048439,0.0029279999434947968,0.9882000088691711
1510504656.9523413,-0.003659999929368496,0.0014639999717473984,0.9845399856567383
1510504656.969381,-0.0029279999434947968,-0.0,0.9874680042266846
1510504656.9864118,-0.008051999844610691,0.0029279999434947968,0.9874680042266846
1510504657.0034833,-0.005123999901115894,0.0058559998869895935,0.9903959631919861
1510504657.02053,-0.0058559998869895935,0.007319999858736992,0.9852719902992249
1510504657.0375671,-0.0029279999434947968,0.005123999901115894,0.9845399856567383
1510504657.0546417,-0.003659999929368496,0.003659999929368496,0.986735999584198
1510504657.0716782,-0.005123999901115894,0.0029279999434947968,0.9889319539070129
1510504657.088715,-0.010979999788105488,0.0021959999576210976,0.9830759763717651
1510504657.1057808,-0.00951599981635809,0.0007319999858736992,0.9838079810142517
1510504657.1228335,-0.007319999858736992,0.0021959999576210976,0.9882000088691711
1510504657.1397762,-0.003659999929368496,0.003659999929368496,0.9874680042266846
1510504657.1568174,-0.0029279999434947968,0.005123999901115894,0.9860039949417114
1510504657.1738594,-0.003659999929368496,0.005123999901115894,0.994055986404419
1510504657.1909235,-0.0029279999434947968,0.0058559998869895935,0.986735999584198
1510504657.2079697,-0.005123999901115894,0.0029279999434947968,0.9874680042266846
1510504657.2250178,-0.0058559998869895935,0.0021959999576210976,0.9903959631919861
1510504657.242098,-0.0058559998869895935,0.0029279999434947968,0.9896639585494995
1510504657.2591374,-0.005123999901115894,0.0029279999434947968,0.9903959631919861
1510504657.276181,-0.003659999929368496,0.003659999929368496,0.9933239817619324
1510504657.2970529,-0.003659999929368496,0.004391999915242195,0.9918599724769592
1510504657.3140945,-0.003659999929368496,0.004391999915242195,0.9896639585494995
1510504657.331133,-0.0029279999434947968,0.003659999929368496,0.9838079810142517
1510504657.3481755,-0.003659999929368496,0.003659999929368496,0.9874680042266846
1510504657.3652153,-0.007319999858736992,0.0021959999576210976,0.986735999584198
1510504657.3822122,-0.010979999788105488,0.003659999929368496,0.981611967086792
1510504657.3992758,-0.013907999731600285,0.0029279999434947968,0.9838079810142517
1510504657.4163222,-0.011711999773979187,0.0029279999434947968,0.9830759763717651
1510504657.433383,-0.008051999844610691,0.003659999929368496,0.9852719902992249
1510504657.4504206,-0.0058559998869895935,0.003659999929368496,0.9889319539070129
1510504657.4674664,-0.0029279999434947968,0.003659999929368496,0.9933239817619324
1510504657.4845166,-0.003659999929368496,0.004391999915242195,0.9969840049743652
1510504657.501585,-0.0029279999434947968,0.004391999915242195,0.9889319539070129
1510504657.5186245,-0.004391999915242195,0.0029279999434947968,0.9903959631919861
1510504657.5356705,-0.004391999915242195,0.0014639999717473984,0.9860039949417114
1510504657.5527182,-0.004391999915242195,0.0021959999576210976,0.9889319539070129
1510504657.5697105,-0.0058559998869895935,0.0029279999434947968,0.9845399856567383
1510504657.5867424,-0.006587999872863293,0.0029279999434947968,0.9845399856567383
1510504657.6038027,-0.010979999788105488,0.004391999915242195,0.9860039949417114
1510504657.620846,-0.006587999872863293,0.003659999929368496,0.9794159531593323
1510504657.637782,-0.004391999915242195,0.004391999915242195,0.986735999584198
1510504657.6586323,-0.0029279999434947968,0.003659999929368496,0.9882000088691711
1510504657.6757112,-0.0058559998869895935,0.003659999929368496,0.9889319539070129
1510504657.692761,-0.00878399983048439,0.0029279999434947968,0.9925919771194458
1510504657.709829,-0.007319999858736992,0.0007319999858736992,0.9911279678344727
1510504657.7268727,-0.003659999929368496,0.0029279999434947968,0.9918599724769592
1510504657.743917,-0.003659999929368496,0.0029279999434947968,0.9918599724769592
1510504657.7609527,-0.003659999929368496,0.004391999915242195,0.9911279678344727
1510504657.7779944,-0.0058559998869895935,0.00878399983048439,0.9889319539070129
1510504657.7950666,-0.006587999872863293,0.005123999901115894,0.9801479578018188
1510504657.8121502,-0.0058559998869895935,0.0029279999434947968,0.9918599724769592
1510504657.82919,-0.007319999858736992,0.0021959999576210976,0.9903959631919861
1510504657.8462405,-0.0058559998869895935,0.0029279999434947968,0.9830759763717651
1510504657.8632898,-0.006587999872863293,0.003659999929368496,0.9845399856567383
1510504657.88027,-0.006587999872863293,0.005123999901115894,0.9874680042266846
1510504657.897324,-0.004391999915242195,0.004391999915242195,0.9911279678344727
1510504657.914373,-0.003659999929368496,0.003659999929368496,0.9947879910469055
1510504657.9317343,-0.0029279999434947968,0.0029279999434947968,0.9860039949417114
1510504657.948787,-0.005123999901115894,0.003659999929368496,0.9882000088691711
1510504657.9658282,-0.005123999901115894,0.0029279999434947968,0.9889319539070129
1510504657.9828775,-0.010247999802231789,0.003659999929368496,0.9882000088691711
1510504657.999947,-0.010979999788105488,0.0029279999434947968,0.9882000088691711
1510504658.0170002,-0.004391999915242195,0.0029279999434947968,0.9911279678344727
1510504658.0340476,-0.004391999915242195,0.003659999929368496,0.9889319539070129
1510504658.0510888,-0.003659999929368496,0.0029279999434947968,0.9882000088691711
1510504658.0681279,-0.003659999929368496,0.003659999929368496,0.9889319539070129
1510504658.08898,-0.004391999915242195,0.0029279999434947968,0.9911279678344727
1510504658.1060503,-0.004391999915242195,0.0029279999434947968,0.9903959631919861
1510504658.1231012,-0.004391999915242195,0.004391999915242195,0.9874680042266846
1510504658.14005,-0.004391999915242195,0.0029279999434947968,0.9838079810142517
1510504658.1570904,-0.007319999858736992,0.003659999929368496,0.986735999584198
1510504658.1741295,-0.008051999844610691,0.004391999915242195,0.9823439717292786
1510504658.1911721,-0.0058559998869895935,0.0021959999576210976,0.986735999584198
1510504658.208238,-0.0058559998869895935,0.0029279999434947968,0.9896639585494995
1510504658.225313,-0.005123999901115894,0.0029279999434947968,0.9882000088691711
1510504658.2423623,-0.004391999915242195,0.004391999915242195,0.9911279678344727
1510504658.2594035,-0.004391999915242195,0.0058559998869895935,0.9845399856567383
1510504658.2764447,-0.005123999901115894,0.005123999901115894,0.9677039980888367
1510504658.293486,-0.003659999929368496,0.003659999929368496,0.9764879941940308
1510504658.310551,-0.00951599981635809,-0.0014639999717473984,1.0182119607925415
1510504658.3275993,-0.012443999759852886,0.0014639999717473984,0.986735999584198
1510504658.3446515,-0.005123999901115894,0.003659999929368496,0.9896639585494995
1510504658.3616915,-0.0029279999434947968,0.006587999872863293,0.9896639585494995
1510504658.3786013,-0.0,0.006587999872863293,0.9874680042266846
1510504658.3956108,-0.0029279999434947968,0.0029279999434947968,0.9889319539070129
1510504658.4126804,-0.00951599981635809,0.0014639999717473984,0.9882000088691711
1510504658.4297194,-0.00951599981635809,0.0058559998869895935,0.9911279678344727
1510504658.450567,-0.0058559998869895935,0.0029279999434947968,0.9925919771194458
1510504658.4676037,-0.005123999901115894,0.003659999929368496,0.9896639585494995
1510504658.4846435,-0.006587999872863293,0.003659999929368496,0.9918599724769592
1510504658.5016785,-0.005123999901115894,0.0021959999576210976,0.9918599724769592
1510504658.5187182,-0.003659999929368496,0.004391999915242195,0.9925919771194458
1510504658.535758,-0.0021959999576210976,0.004391999915242195,0.9933239817619324
1510504658.552805,-0.003659999929368496,0.004391999915242195,0.9823439717292786
1510504658.569838,-0.006587999872863293,0.003659999929368496,0.9808799624443054
1510504658.586874,-0.00878399983048439,0.003659999929368496,0.9903959631919861
1510504658.6039402,-0.0058559998869895935,0.0029279999434947968,0.9874680042266846
1510504658.6209002,-0.006587999872863293,0.0007319999858736992,0.9838079810142517
1510504658.6378372,-0.007319999858736992,0.0021959999576210976,1.012355923652649
1510504658.6548758,-0.00878399983048439,0.003659999929368496,0.9903959631919861
1510504658.6719093,-0.004391999915242195,0.0029279999434947968,0.9925919771194458
1510504658.688993,-0.003659999929368496,0.003659999929368496,0.9918599724769592
1510504658.706087,-0.0029279999434947968,0.0029279999434947968,0.9896639585494995
1510504658.723135,-0.003659999929368496,0.0058559998869895935,0.9889319539070129
1510504658.7401729,-0.008051999844610691,0.00951599981635809,0.9845399856567383
1510504658.7572126,-0.005123999901115894,0.003659999929368496,0.9882000088691711
1510504658.7742543,-0.004391999915242195,0.0021959999576210976,0.9903959631919861
1510504658.7912917,-0.003659999929368496,0.0007319999858736992,0.9889319539070129
1510504658.8121996,-0.005123999901115894,0.0021959999576210976,0.9903959631919861
1510504658.8292453,-0.008051999844610691,0.003659999929368496,0.9889319539070129
1510504658.8462844,-0.00951599981635809,0.004391999915242195,0.9889319539070129
1510504658.8633242,-0.006587999872863293,0.003659999929368496,0.9889319539070129
1510504658.8803008,-0.003659999929368496,0.0021959999576210976,0.9889319539070129
1510504658.8973281,-0.0029279999434947968,0.0029279999434947968,0.9911279678344727
1510504658.9143991,-0.003659999929368496,0.0029279999434947968,0.9933239817619324
1510504658.931435,-0.003659999929368496,0.003659999929368496,0.9874680042266846
1510504658.948479,-0.006587999872863293,0.003659999929368496,0.9911279678344727
1510504658.96552,-0.0058559998869895935,0.004391999915242195,0.986735999584198
1510504658.98256,-0.0058559998869895935,0.0029279999434947968,0.9903959631919861
1510504658.9995992,-0.004391999915242195,0.003659999929368496,0.9911279678344727
1510504659.0166643,-0.004391999915242195,0.003659999929368496,0.9808799624443054
1510504659.0337093,-0.00878399983048439,0.007319999858736992,0.9925919771194458
1510504659.0507455,-0.005123999901115894,0.004391999915242195,0.9933239817619324
1510504659.067785,-0.003659999929368496,0.004391999915242195,0.9896639585494995
1510504659.0848312,-0.003659999929368496,-0.18592800199985504,0.9903959631919861
1510504659.1018715,-0.0029279999434947968,0.0029279999434947968,0.9838079810142517
1510504659.1189735,-0.0058559998869895935,0.005123999901115894,0.986735999584198
1510504659.1359158,-0.006587999872863293,0.0021959999576210976,0.981611967086792
1510504659.1529634,-0.012443999759852886,-0.0021959999576210976,0.9947879910469055
1510504659.1700006,-0.012443999759852886,0.003659999929368496,1.0035719871520996
1510504659.1908467,-0.003659999929368496,0.016103999689221382,1.0050359964370728
1510504659.2078884,0.0058559998869895935,0.01756799966096878,1.007964015007019
1510504659.224962,0.0029279999434947968,0.008051999844610691,0.9977160096168518
1510504659.2420373,-0.0014639999717473984,0.004391999915242195,0.9779520034790039
1510504659.2590806,-0.006587999872863293,0.0014639999717473984,0.9772199988365173
1510504659.2761235,-0.012443999759852886,0.0007319999858736992,0.974291980266571
1510504659.2932057,-0.013175999745726585,-0.0021959999576210976,0.9823439717292786
1510504659.3102448,-0.015371999703347683,-0.010979999788105488,0.9874680042266846
1510504659.3273118,-0.016835998743772507,-0.01903199963271618,0.986735999584198
1510504659.3443573,-0.021959999576210976,-0.005123999901115894,0.9808799624443054
1510504659.3613963,-0.005123999901115894,0.007319999858736992,0.9750239849090576
1510504659.3783987,-0.0029279999434947968,0.019763998687267303,1.0021079778671265
1510504659.3954108,-0.0007319999858736992,0.004391999915242195,0.9977160096168518
1510504659.4125042,-0.0007319999858736992,-0.0014639999717473984,0.9874680042266846
1510504659.4295464,-0.003659999929368496,-0.00878399983048439,0.9845399856567383
1510504659.4465845,-0.003659999929368496,0.0014639999717473984,0.9801479578018188
1510504659.4636319,-0.007319999858736992,0.00951599981635809,0.9823439717292786
1510504659.4806747,-0.007319999858736992,0.008051999844610691,0.9882000088691711
1510504659.4976182,-0.0029279999434947968,0.008051999844610691,1.0013760328292847
1510504659.5146973,-0.003659999929368496,0.0058559998869895935,0.9947879910469055
1510504659.5317688,-0.0029279999434947968,0.003659999929368496,0.9830759763717651
1510504659.5488107,-0.0029279999434947968,0.004391999915242195,0.9823439717292786
1510504659.5696564,-0.0058559998869895935,0.003659999929368496,0.9896639585494995
1510504659.5866969,-0.005123999901115894,-0.0007319999858736992,1.0028399229049683
1510504659.603742,-0.010247999802231789,-0.004391999915242195,0.9896639585494995
1510504659.6208057,-0.00951599981635809,-0.005123999901115894,0.9786840081214905
1510504659.6377387,-0.00951599981635809,-0.0021959999576210976,0.9779520034790039
1510504659.6546783,-0.011711999773979187,0.187391996383667,0.9874680042266846
1510504659.6717203,-0.003659999929368496,0.010247999802231789,0.9933239817619324
1510504659.6890604,-0.0007319999858736992,0.013175999745726585,0.9999119639396667
1510504659.7061155,-0.0007319999858736992,0.010247999802231789,0.9911279678344727
1510504659.7231908,-0.0029279999434947968,0.0058559998869895935,0.986735999584198
1510504659.7402349,-0.006587999872863293,0.003659999929368496,0.9874680042266846
1510504659.7572753,-0.00951599981635809,0.003659999929368496,0.9786840081214905
1510504659.774319,-0.010247999802231789,0.0007319999858736992,0.9911279678344727
1510504659.7913601,-0.007319999858736992,0.18592800199985504,0.9903959631919861
1510504659.8084002,-0.004391999915242195,0.0029279999434947968,0.9889319539070129
1510504659.825471,-0.004391999915242195,0.0021959999576210976,0.9874680042266846
1510504659.8425138,-0.003659999929368496,0.0058559998869895935,0.9889319539070129
1510504659.8595538,-0.003659999929368496,0.010247999802231789,0.9918599724769592
1510504659.876578,-0.003659999929368496,0.007319999858736992,0.9896639585494995
1510504659.8935797,-0.005123999901115894,0.0029279999434947968,0.9903959631919861
1510504659.9106185,-0.0058559998869895935,0.0014639999717473984,0.9882000088691711
1510504659.927689,-0.007319999858736992,0.0014639999717473984,0.9845399856567383
1510504659.944739,-0.007319999858736992,0.0029279999434947968,0.9896639585494995
1510504659.9655972,-0.00951599981635809,0.0058559998869895935,0.9845399856567383
1510504659.98264,-0.003659999929368496,0.0029279999434947968,0.9903959631919861
1510504659.9996736,-0.0029279999434947968,0.0029279999434947968,0.9925919771194458
1510504660.0167537,-0.003659999929368496,0.003659999929368496,0.9882000088691711
1510504660.0338247,-0.003659999929368496,0.003659999929368496,0.9860039949417114
1510504660.0508618,-0.0058559998869895935,0.0029279999434947968,0.9896639585494995
1510504660.0679026,-0.007319999858736992,0.0029279999434947968,0.9896639585494995
1510504660.0849435,-0.00951599981635809,0.0021959999576210976,0.9874680042266846
1510504660.1020138,-0.003659999929368496,0.0021959999576210976,0.9889319539070129
1510504660.119077,-0.005123999901115894,0.003659999929368496,0.9874680042266846
1510504660.1360407,-0.005123999901115894,0.003659999929368496,0.986735999584198
1510504660.153083,-0.0058559998869895935,0.0029279999434947968,0.9889319539070129
1510504660.1701205,-0.005123999901115894,0.006587999872863293,0.9918599724769592
1510504660.187159,-0.003659999929368496,0.005123999901115894,0.9896639585494995
1510504660.2042027,-0.0029279999434947968,0.003659999929368496,0.9925919771194458
1510504660.2212648,-0.005123999901115894,0.004391999915242195,0.9852719902992249
1510504660.238311,-0.004391999915242195,0.0029279999434947968,0.986735999584198
1510504660.2553577,-0.010979999788105488,0.0029279999434947968,0.9874680042266846
1510504660.2724006,-0.012443999759852886,0.0021959999576210976,0.9896639585494995
1510504660.289437,-0.004391999915242195,0.0029279999434947968,0.9874680042266846
1510504660.3064747,-0.0021959999576210976,0.004391999915242195,0.9889319539070129
1510504660.3235435,-0.003659999929368496,0.005123999901115894,0.9874680042266846
1510504660.3443904,-0.004391999915242195,0.004391999915242195,0.9918599724769592
1510504660.3614273,-0.005123999901115894,0.0029279999434947968,0.9882000088691711
1510504660.3784306,-0.004391999915242195,0.0029279999434947968,0.9896639585494995
1510504660.3954463,-0.005123999901115894,0.003659999929368496,0.986735999584198
1510504660.4124866,-0.003659999929368496,0.004391999915242195,0.9874680042266846
1510504660.4295468,-0.003659999929368496,0.0029279999434947968,0.9874680042266846
1510504660.4465728,-0.005123999901115894,0.0029279999434947968,0.9852719902992249
1510504660.463617,-0.0058559998869895935,0.0021959999576210976,0.9903959631919861
1510504660.480688,-0.004391999915242195,0.003659999929368496,0.9874680042266846
1510504660.4977283,-0.005123999901115894,0.0021959999576210976,0.9889319539070129
1510504660.5147696,-0.003659999929368496,0.0021959999576210976,0.9896639585494995
1510504660.5318327,-0.005123999901115894,0.004391999915242195,0.9918599724769592
1510504660.5488975,-0.005123999901115894,0.004391999915242195,0.9896639585494995
1510504660.5659328,-0.008051999844610691,0.005123999901115894,0.9874680042266846
1510504660.5829768,-0.004391999915242195,0.0029279999434947968,0.9874680042266846
1510504660.6000116,-0.0058559998869895935,0.003659999929368496,0.9874680042266846
1510504660.61705,-0.005123999901115894,0.0029279999434947968,0.9889319539070129
1510504660.6340237,-0.0058559998869895935,0.003659999929368496,0.9874680042266846
1510504660.6510646,-0.0058559998869895935,0.0029279999434947968,0.9918599724769592
1510504660.6681042,-0.005123999901115894,0.004391999915242195,0.9911279678344727
1510504660.6851501,-0.005123999901115894,0.004391999915242195,0.9889319539070129
1510504660.7059596,-0.0029279999434947968,0.003659999929368496,0.9889319539070129
1510504660.7230074,-0.006587999872863293,0.003659999929368496,0.9882000088691711
1510504660.7400687,-0.010247999802231789,0.0029279999434947968,0.9874680042266846
1510504660.757144,-0.006587999872863293,0.0029279999434947968,0.9874680042266846
1510504660.7741847,-0.00878399983048439,0.0014639999717473984,0.986735999584198
1510504660.7912354,-0.004391999915242195,0.0029279999434947968,0.9918599724769592
1510504660.808277,-0.004391999915242195,0.004391999915242195,0.9903959631919861
1510504660.825356,-0.003659999929368496,0.003659999929368496,0.9852719902992249
1510504660.8424256,-0.005123999901115894,0.003659999929368496,0.9911279678344727
1510504660.8594694,-0.004391999915242195,0.003659999929368496,0.9896639585494995
1510504660.876494,-0.006587999872863293,0.003659999929368496,0.9874680042266846
1510504660.8934872,-0.0058559998869895935,0.0021959999576210976,0.9889319539070129
1510504660.9105315,-0.005123999901115894,0.0029279999434947968,0.9889319539070129
1510504660.9275966,-0.0029279999434947968,0.003659999929368496,0.9918599724769592
1510504660.9446478,-0.004391999915242195,0.0029279999434947968,0.9911279678344727
1510504660.9616876,-0.004391999915242195,0.003659999929368496,0.986735999584198
1510504660.9787273,-0.006587999872863293,0.0029279999434947968,0.9882000088691711
1510504660.995773,-0.005123999901115894,0.0029279999434947968,0.9896639585494995
1510504661.0128546,-0.006587999872863293,0.0021959999576210976,0.9911279678344727
1510504661.0299177,-0.004391999915242195,0.0029279999434947968,0.9852719902992249
1510504661.046961,-0.003659999929368496,0.004391999915242195,0.9860039949417114
1510504661.0640066,-0.003659999929368496,0.0029279999434947968,0.9911279678344727
1510504661.0810454,-0.003659999929368496,0.0029279999434947968,0.9882000088691711
1510504661.101897,-0.0058559998869895935,0.0021959999576210976,0.9918599724769592
1510504661.1189754,-0.006587999872863293,0.0021959999576210976,0.9882000088691711
1510504661.1359396,-0.005123999901115894,0.004391999915242195,0.9889319539070129
1510504661.1529868,-0.005123999901115894,0.003659999929368496,0.986735999584198
1510504661.1700263,-0.006587999872863293,0.004391999915242195,0.9925919771194458
1510504661.1870687,-0.0058559998869895935,0.003659999929368496,0.9911279678344727
1510504661.2041206,-0.004391999915242195,0.0029279999434947968,0.9889319539070129
1510504661.221163,-0.005123999901115894,0.003659999929368496,0.986735999584198
1510504661.2382274,-0.0058559998869895935,0.0029279999434947968,0.986735999584198
1510504661.255298,-0.005123999901115894,0.0021959999576210976,0.9882000088691711
1510504661.2723482,-0.005123999901115894,0.0029279999434947968,0.9903959631919861
1510504661.289388,-0.005123999901115894,0.004391999915242195,0.9896639585494995
1510504661.3064282,-0.0058559998869895935,0.004391999915242195,0.9911279678344727
1510504661.3234773,-0.005123999901115894,0.003659999929368496,0.9925919771194458
1510504661.3405435,-0.004391999915242195,0.003659999929368496,0.9882000088691711
1510504661.3575876,-0.003659999929368496,0.0029279999434947968,0.986735999584198
1510504661.3746269,-0.003659999929368496,0.0029279999434947968,0.9874680042266846
1510504661.3915918,-0.004391999915242195,0.0029279999434947968,0.9889319539070129
1510504661.408635,-0.0021959999576210976,0.0029279999434947968,0.9918599724769592
1510504661.4259398,-0.003659999929368496,0.0029279999434947968,0.9845399856567383
1510504661.443025,-0.007319999858736992,0.004391999915242195,0.9852719902992249
1510504661.4600635,-0.008051999844610691,0.0029279999434947968,0.9860039949417114
1510504661.4771,-0.005123999901115894,0.003659999929368496,0.9903959631919861
1510504661.4979422,-0.006587999872863293,0.0029279999434947968,0.994055986404419
1510504661.5149899,-0.00878399983048439,0.003659999929368496,0.9882000088691711
1510504661.5320606,-0.003659999929368496,0.005123999901115894,0.9925919771194458
1510504661.5491295,-0.006587999872863293,0.003659999929368496,0.9918599724769592
1510504661.5661702,-0.004391999915242195,0.004391999915242195,0.9830759763717651
1510504661.5832229,-0.0029279999434947968,0.0029279999434947968,0.9889319539070129
1510504661.6002638,-0.008051999844610691,0.0029279999434947968,0.9903959631919861
1510504661.6173036,-0.007319999858736992,0.18665999174118042,0.9684360027313232
1510504661.6342733,-0.0058559998869895935,0.0029279999434947968,0.9860039949417114
1510504661.6513162,-0.004391999915242195,0.004391999915242195,0.9874680042266846
1510504661.6683557,-0.003659999929368496,0.005123999901115894,0.9903959631919861
1510504661.685403,-0.0058559998869895935,0.003659999929368496,0.9889319539070129
1510504661.702448,-0.005123999901115894,0.003659999929368496,0.9925919771194458
1510504661.7194886,-0.0058559998869895935,0.003659999929368496,0.986735999584198
1510504661.7365198,-0.007319999858736992,0.0029279999434947968,0.9852719902992249
1510504661.7535717,-0.0058559998869895935,0.0029279999434947968,0.9889319539070129
1510504661.7706084,-0.005123999901115894,0.003659999929368496,0.9852719902992249
1510504661.7876546,-0.004391999915242195,0.0021959999576210976,0.9896639585494995
1510504661.8047016,-0.0058559998869895935,0.0021959999576210976,0.9889319539070129
1510504661.8217473,-0.005123999901115894,0.0029279999434947968,0.9896639585494995
1510504661.8388224,-0.005123999901115894,0.003659999929368496,0.9925919771194458
1510504661.8558655,-0.005123999901115894,0.003659999929368496,0.9889319539070129
1510504661.8767285,-0.004391999915242195,0.005123999901115894,0.9911279678344727
1510504661.8937244,-0.006587999872863293,0.005123999901115894,0.9830759763717651
1510504661.910765,-0.003659999929368496,0.003659999929368496,0.9903959631919861
1510504661.9278123,-0.005123999901115894,0.0029279999434947968,0.986735999584198
1510504661.9448829,-0.007319999858736992,0.0021959999576210976,0.9889319539070129
1510504661.9619207,-0.006587999872863293,0.0029279999434947968,0.986735999584198
1510504661.9790022,-0.00951599981635809,0.0029279999434947968,0.9860039949417114
1510504661.9960496,-0.0058559998869895935,0.003659999929368496,0.9882000088691711
1510504662.0130935,-0.004391999915242195,0.005123999901115894,0.9838079810142517
1510504662.030128,-0.003659999929368496,0.003659999929368496,0.9896639585494995
1510504662.0471952,-0.003659999929368496,0.003659999929368496,0.9889319539070129
1510504662.0642433,-0.004391999915242195,0.003659999929368496,0.9889319539070129
1510504662.0812845,-0.007319999858736992,0.0029279999434947968,0.9633119702339172
1510504662.098325,-0.006587999872863293,0.0007319999858736992,0.9977160096168518
1510504662.1153688,-0.008051999844610691,0.0029279999434947968,0.9896639585494995
1510504662.132332,-0.006587999872863293,0.0029279999434947968,0.986735999584198
1510504662.149394,-0.003659999929368496,0.003659999929368496,0.986735999584198
1510504662.1664312,-0.003659999929368496,0.003659999929368496,0.986735999584198
1510504662.1834745,-0.004391999915242195,0.003659999929368496,0.9896639585494995
1510504662.200512,-0.0029279999434947968,0.004391999915242195,0.9845399856567383
1510504662.2175512,-0.003659999929368496,0.003659999929368496,0.9911279678344727
1510504662.2345989,-0.004391999915242195,0.0014639999717473984,0.9903959631919861
1510504662.25548,-0.006587999872863293,0.0021959999576210976,0.9860039949417114
1510504662.272519,-0.010979999788105488,0.0021959999576210976,0.9845399856567383
1510504662.289557,-0.007319999858736992,0.003659999929368496,0.9889319539070129
1510504662.306593,-0.00951599981635809,0.004391999915242195,0.9874680042266846
1510504662.323641,-0.003659999929368496,0.004391999915242195,0.9874680042266846
1510504662.340679,-0.0021959999576210976,0.0014639999717473984,0.9925919771194458
1510504662.3577461,-0.004391999915242195,0.0029279999434947968,0.9933239817619324
1510504662.374798,-0.004391999915242195,0.0029279999434947968,0.9860039949417114
1510504662.391801,-0.004391999915242195,0.003659999929368496,0.9889319539070129
1510504662.4088404,-0.007319999858736992,0.0029279999434947968,0.9903959631919861
1510504662.425881,-0.007319999858736992,0.0014639999717473984,0.9896639585494995
1510504662.442954,-0.00878399983048439,0.0021959999576210976,0.9845399856567383
1510504662.4599924,-0.005123999901115894,0.003659999929368496,0.986735999584198
1510504662.4770384,-0.0029279999434947968,0.004391999915242195,0.9896639585494995
1510504662.494075,-0.005123999901115894,0.003659999929368496,0.9903959631919861
1510504662.5111105,-0.004391999915242195,0.0058559998869895935,0.9852719902992249
1510504662.528154,-0.005123999901115894,0.003659999929368496,0.9911279678344727
1510504662.5452085,-0.006587999872863293,0.0021959999576210976,0.9889319539070129
1510504662.5622354,-0.005123999901115894,0.0021959999576210976,0.9882000088691711
1510504662.5792544,-0.0058559998869895935,0.0029279999434947968,0.986735999584198
1510504662.5963156,-0.00951599981635809,0.003659999929368496,0.9903959631919861
1510504662.6133726,-0.0058559998869895935,0.0029279999434947968,0.9889319539070129
1510504662.6341264,-0.0029279999434947968,0.0029279999434947968,0.9889319539070129
1510504662.6511924,-0.0029279999434947968,0.004391999915242195,0.986735999584198
1510504662.6682305,-0.003659999929368496,0.004391999915242195,0.9947879910469055
1510504662.6853027,-0.004391999915242195,0.0029279999434947968,0.9874680042266846
1510504662.7023458,-0.008051999844610691,0.003659999929368496,0.9860039949417114
1510504662.7193816,-0.00878399983048439,0.0029279999434947968,0.9903959631919861
1510504662.7364182,-0.0058559998869895935,0.0021959999576210976,0.9860039949417114
1510504662.7534926,-0.0058559998869895935,0.003659999929368496,0.9896639585494995
1510504662.7704744,-0.005123999901115894,0.0029279999434947968,0.9889319539070129
1510504662.787598,-0.0029279999434947968,0.003659999929368496,0.986735999584198
1510504662.804637,-0.0058559998869895935,0.006587999872863293,0.9896639585494995
1510504662.8216708,-0.003659999929368496,0.0029279999434947968,0.9874680042266846
1510504662.8387115,-0.006587999872863293,0.003659999929368496,0.9874680042266846
1510504662.8557758,-0.007319999858736992,0.0021959999576210976,0.9889319539070129
1510504662.8728487,-0.005123999901115894,0.0029279999434947968,0.9860039949417114
1510504662.8897922,-0.005123999901115894,0.003659999929368496,0.9889319539070129
1510504662.906832,-0.003659999929368496,0.003659999929368496,0.9896639585494995
1510504662.9238806,-0.006587999872863293,0.003659999929368496,0.9874680042266846
1510504662.9409158,-0.005123999901115894,0.0021959999576210976,0.9896639585494995
1510504662.9579847,-0.003659999929368496,0.0029279999434947968,0.9896639585494995
1510504662.9750226,-0.003659999929368496,0.0014639999717473984,0.9889319539070129
1510504662.9921005,-0.0058559998869895935,0.003659999929368496,0.9889319539070129
1510504663.0129526,-0.0058559998869895935,0.0029279999434947968,0.9889319539070129
1510504663.0299885,-0.008051999844610691,0.0029279999434947968,0.9874680042266846
1510504663.0470512,-0.0058559998869895935,0.0029279999434947968,0.9860039949417114
1510504663.0641,-0.003659999929368496,0.003659999929368496,0.9882000088691711
1510504663.081133,-0.003659999929368496,0.0029279999434947968,0.9860039949417114
1510504663.0981767,-0.004391999915242195,0.0029279999434947968,0.9852719902992249
1510504663.11522,-0.003659999929368496,0.0029279999434947968,0.9889319539070129
1510504663.1322129,-0.003659999929368496,0.004391999915242195,0.9896639585494995
1510504663.1492727,-0.0058559998869895935,0.0029279999434947968,0.9874680042266846
1510504663.1665804,-0.007319999858736992,0.003659999929368496,0.9860039949417114
1510504663.183639,-0.00951599981635809,0.003659999929368496,0.9874680042266846
1510504663.2006774,-0.007319999858736992,0.0029279999434947968,0.9889319539070129
1510504663.2177165,-0.005123999901115894,0.003659999929368496,0.9889319539070129
1510504663.2366323,-0.0029279999434947968,0.0029279999434947968,0.986735999584198
1510504663.253631,-0.005123999901115894,0.0029279999434947968,0.9852719902992249
1510504663.2705283,-0.003659999929368496,0.0029279999434947968,0.9852719902992249
1510504663.2874732,-0.004391999915242195,0.0029279999434947968,0.9889319539070129
1510504663.3045204,-0.006587999872863293,0.0029279999434947968,0.9830759763717651
1510504663.3215659,-0.006587999872863293,0.0029279999434947968,0.9845399856567383
1510504663.338603,-0.004391999915242195,0.0029279999434947968,0.9903959631919861
1510504663.3556705,-0.0058559998869895935,0.003659999929368496,0.986735999584198
1510504663.372716,-0.0058559998869895935,0.006587999872863293,0.9874680042266846
1510504663.3896582,-0.003659999929368496,0.003659999929368496,0.9918599724769592
1510504663.4066992,-0.004391999915242195,0.0029279999434947968,0.9882000088691711
1510504663.4237468,-0.0058559998869895935,0.003659999929368496,0.9889319539070129
1510504663.4407835,-0.004391999915242195,0.0021959999576210976,0.9911279678344727
1510504663.4578888,-0.0058559998869895935,0.003659999929368496,0.9874680042266846
1510504663.4749382,-0.006587999872863293,0.0029279999434947968,0.9896639585494995
1510504663.4920182,-0.004391999915242195,0.0014639999717473984,0.9903959631919861
1510504663.5090637,-0.004391999915242195,0.0029279999434947968,0.986735999584198
1510504663.526106,-0.0029279999434947968,0.003659999929368496,0.9874680042266846
1510504663.5431564,-0.004391999915242195,0.0029279999434947968,0.9896639585494995
1510504663.5602176,-0.004391999915242195,0.0021959999576210976,0.9896639585494995
1510504663.5810685,-0.003659999929368496,0.003659999929368496,0.9889319539070129
1510504663.598108,-0.006587999872863293,0.0029279999434947968,0.9882000088691711
1510504663.6151452,-0.004391999915242195,0.0029279999434947968,0.986735999584198
1510504663.6321473,-0.004391999915242195,0.0029279999434947968,0.9911279678344727
1510504663.649192,-0.006587999872863293,0.0029279999434947968,0.9903959631919861
1510504663.666274,-0.005123999901115894,0.0029279999434947968,0.9889319539070129
1510504663.683325,-0.004391999915242195,0.0029279999434947968,0.986735999584198
1510504663.7003648,-0.005123999901115894,0.003659999929368496,0.9911279678344727
1510504663.7174046,-0.004391999915242195,0.0029279999434947968,0.9882000088691711
1510504663.734447,-0.004391999915242195,0.0029279999434947968,0.9889319539070129
1510504663.7514856,-0.003659999929368496,0.004391999915242195,0.9896639585494995
1510504663.768554,-0.006587999872863293,0.003659999929368496,0.9860039949417114
1510504663.7856026,-0.005123999901115894,0.0029279999434947968,0.9823439717292786
1510504663.8026452,-0.005123999901115894,0.0029279999434947968,0.9925919771194458
1510504663.819714,-0.0058559998869895935,0.0014639999717473984,0.9889319539070129
1510504663.8367898,-0.004391999915242195,0.0029279999434947968,0.9882000088691711
1510504663.8538346,-0.005123999901115894,0.0029279999434947968,0.9911279678344727
1510504663.8708997,-0.005123999901115894,0.005123999901115894,0.9903959631919861
1510504663.8878424,-0.005123999901115894,0.005123999901115894,0.9882000088691711
1510504663.9048905,-0.006587999872863293,0.004391999915242195,0.9882000088691711
1510504663.9219294,-0.005123999901115894,0.003659999929368496,0.9903959631919861
1510504663.9390047,-0.0058559998869895935,0.0029279999434947968,0.9896639585494995
1510504663.9598815,-0.003659999929368496,0.003659999929368496,0.9896639585494995
1510504663.9769244,-0.004391999915242195,0.0029279999434947968,0.9889319539070129
1510504663.9939702,-0.005123999901115894,0.004391999915242195,0.9903959631919861
1510504664.0110068,-0.004391999915242195,0.0029279999434947968,0.9882000088691711
1510504664.0280464,-0.0058559998869895935,0.0029279999434947968,0.9896639585494995
1510504664.045091,-0.006587999872863293,0.004391999915242195,0.9896639585494995
1510504664.0621881,-0.003659999929368496,0.003659999929368496,1.0043039321899414
1510504664.0792565,-0.006587999872863293,0.003659999929368496,1.051151990890503
1510504664.0962968,-0.004391999915242195,0.0014639999717473984,0.9977160096168518
1510504664.1133425,-0.003659999929368496,0.004391999915242195,0.9633119702339172
1510504664.1303263,-0.0058559998869895935,0.0029279999434947968,0.9420839548110962
1510504664.1473563,-0.0058559998869895935,0.006587999872863293,0.9281759858131409
1510504664.1644287,-0.003659999929368496,0.011711999773979187,0.9420839548110962
1510504664.1814735,-0.0058559998869895935,0.004391999915242195,0.9281759858131409
1510504664.198548,-0.005123999901115894,-0.18373200297355652,1.0577399730682373
1510504664.2155967,-0.008051999844610691,0.0021959999576210976,1.0196759700775146
1510504664.2326398,-0.008051999844610691,0.0014639999717473984,0.9779520034790039
1510504664.249681,-0.016103999689221382,-0.0021959999576210976,0.9896639585494995
1510504664.266753,-0.0058559998869895935,0.0021959999576210976,0.9720959663391113
1510504664.2838018,-0.0021959999576210976,0.0029279999434947968,0.9750239849090576
1510504664.30084,-0.003659999929368496,0.0029279999434947968,0.986735999584198
1510504664.3178802,-0.0021959999576210976,0.0029279999434947968,0.9984479546546936
1510504664.3349242,-0.003659999929368496,0.005123999901115894,1.0211399793624878
1510504664.3557723,-0.006587999872863293,0.00878399983048439,1.0328519344329834
1510504664.3728442,-0.0058559998869895935,0.0058559998869895935,1.020408034324646
1510504664.3897889,-0.006587999872863293,0.003659999929368496,0.9698999524116516
1510504664.406827,-0.0058559998869895935,0.003659999929368496,0.9801479578018188
1510504664.423871,-0.007319999858736992,0.003659999929368496,0.9684360027313232
1510504664.4409049,-0.010247999802231789,0.004391999915242195,0.9801479578018188
1510504664.4579434,-0.004391999915242195,0.003659999929368496,0.9882000088691711
1510504664.475014,-0.004391999915242195,0.0029279999434947968,0.974291980266571
1510504664.4920897,-0.0029279999434947968,0.0007319999858736992,0.9750239849090576
1510504664.509132,-0.0029279999434947968,0.0029279999434947968,0.9801479578018188
1510504664.5261688,-0.003659999929368496,0.0029279999434947968,0.9625799655914307
1510504664.5432131,-0.005123999901115894,0.0029279999434947968,0.9669719934463501
1510504664.5602756,-0.007319999858736992,0.0058559998869895935,0.9677039980888367
1510504664.577319,-0.003659999929368496,0.003659999929368496,0.9735599756240845
1510504664.5943615,-0.007319999858736992,0.003659999929368496,0.9633119702339172
1510504664.6113281,-0.005123999901115894,0.003659999929368496,0.974291980266571
1510504664.6283305,-0.006587999872863293,0.003659999929368496,0.9735599756240845
1510504664.6453643,-0.0058559998869895935,0.003659999929368496,0.9779520034790039
1510504664.662431,-0.005123999901115894,0.003659999929368496,0.981611967086792
1510504664.6794672,-0.007319999858736992,0.0029279999434947968,0.974291980266571
1510504664.6965072,-0.005123999901115894,0.0029279999434947968,0.9713639616966248
1510504664.7173517,-0.0029279999434947968,0.0021959999576210976,0.9808799624443054
1510504664.734392,-0.003659999929368496,0.0014639999717473984,0.9830759763717651
1510504664.7514322,-0.007319999858736992,0.0014639999717473984,0.9772199988365173
1510504664.7684984,-0.0058559998869895935,0.0029279999434947968,0.9860039949417114
1510504664.7855527,-0.006587999872863293,0.0014639999717473984,0.9801479578018188
1510504664.8025951,-0.0029279999434947968,0.0029279999434947968,0.974291980266571
1510504664.8196301,-0.0029279999434947968,0.0029279999434947968,0.965507984161377
1510504664.8366697,-0.005123999901115894,0.0058559998869895935,0.9720959663391113
1510504664.8536227,-0.0029279999434947968,0.004391999915242195,0.9662399888038635
1510504664.8707206,-0.006587999872863293,0.003659999929368496,0.9618479609489441
1510504664.8876574,-0.007319999858736992,0.004391999915242195,0.965507984161377
1510504664.905003,-0.006587999872863293,0.004391999915242195,0.965507984161377
1510504664.9220967,-0.004391999915242195,0.0014639999717473984,0.9677039980888367
1510504664.9391403,-0.006587999872863293,0.0029279999434947968,0.965507984161377
1510504664.9561808,-0.0058559998869895935,0.0021959999576210976,0.9611159563064575
1510504664.9732492,-0.003659999929368496,0.004391999915242195,0.9691680073738098
1510504664.9903286,-0.0029279999434947968,0.003659999929368496,0.9618479609489441
1510504665.0073452,-0.003659999929368496,0.0021959999576210976,0.9625799655914307
1510504665.0244398,-0.003659999929368496,0.0029279999434947968,0.9567239880561829
1510504665.0414798,-0.006587999872863293,0.003659999929368496,0.9603840112686157
1510504665.0585294,-0.005123999901115894,0.0029279999434947968,0.974291980266571
1510504665.0755992,-0.007319999858736992,0.003659999929368496,0.9779520034790039
1510504665.092643,-0.006587999872863293,0.004391999915242195,0.9603840112686157
1510504665.1096845,-0.004391999915242195,0.003659999929368496,0.9428159594535828
1510504665.1304753,-0.004391999915242195,0.0029279999434947968,0.9574559926986694
1510504665.1475184,-0.0021959999576210976,0.0029279999434947968,0.9662399888038635
1510504665.1645646,-0.0029279999434947968,0.0014639999717473984,0.9559919834136963
1510504665.181633,-0.003659999929368496,0.0014639999717473984,0.9669719934463501
1510504665.1986785,-0.0058559998869895935,0.0021959999576210976,0.9559919834136963
1510504665.2157202,-0.006587999872863293,0.003659999929368496,0.9596520066261292
1510504665.232768,-0.00951599981635809,0.0021959999576210976,0.9545279741287231
1510504665.2498071,-0.006587999872863293,0.0029279999434947968,0.9501360058784485
1510504665.2668679,-0.006587999872863293,0.003659999929368496,0.9486719965934753
1510504665.283914,-0.005123999901115894,0.004391999915242195,0.9603840112686157
1510504665.3009515,-0.003659999929368496,0.003659999929368496,0.9684360027313232
1510504665.3179913,-0.003659999929368496,0.0029279999434947968,0.9494040012359619
1510504665.3350334,-0.0029279999434947968,0.0029279999434947968,0.95306396484375
1510504665.3521142,-0.004391999915242195,0.003659999929368496,0.9523319602012634
1510504665.3691716,-0.005123999901115894,0.003659999929368496,0.9589200019836426
1510504665.3861105,-0.0058559998869895935,0.0029279999434947968,0.9559919834136963
1510504665.403155,-0.004391999915242195,0.003659999929368496,0.9450119733810425
1510504665.4201932,-0.006587999872863293,0.003659999929368496,0.9479399919509888
1510504665.4372332,-0.005123999901115894,0.004391999915242195,0.9633119702339172
1510504665.4542692,-0.008051999844610691,0.004391999915242195,0.9501360058784485
1510504665.4713333,-0.004391999915242195,0.0029279999434947968,0.9589200019836426
1510504665.492212,-0.006587999872863293,0.003659999929368496,0.9384239912033081
1510504665.5092473,-0.004391999915242195,0.003659999929368496,0.9545279741287231
1510504665.5262885,-0.005123999901115894,0.0029279999434947968,0.9515999555587769
1510504665.5433328,-0.003659999929368496,0.0029279999434947968,0.9515999555587769
1510504665.5603688,-0.003659999929368496,0.003659999929368496,0.9281759858131409
1510504665.5774693,-0.005123999901115894,0.003659999929368496,0.9428159594535828
1510504665.5945146,-0.003659999929368496,0.005123999901115894,0.9494040012359619
1510504665.6115527,-0.0058559998869895935,0.003659999929368496,0.95306396484375
1510504665.6285517,-0.007319999858736992,0.003659999929368496,0.9340319633483887
1510504665.6455653,-0.005123999901115894,0.0021959999576210976,0.9391559958457947
1510504665.662604,-0.004391999915242195,0.0029279999434947968,0.9574559926986694
1510504665.6796677,-0.004391999915242195,0.003659999929368496,0.9486719965934753
1510504665.6967063,-0.003659999929368496,0.003659999929368496,0.9406200051307678
1510504665.7137542,-0.0029279999434947968,0.0029279999434947968,0.9406200051307678
1510504665.7307928,-0.003659999929368496,0.0029279999434947968,0.9354959726333618
1510504665.7478392,-0.003659999929368496,0.003659999929368496,0.9354959726333618
1510504665.7648892,-0.004391999915242195,0.004391999915242195,0.9340319633483887
1510504665.7819524,-0.003659999929368496,0.0021959999576210976,0.9508680105209351
1510504665.7990272,-0.003659999929368496,0.0029279999434947968,0.9523319602012634
1510504665.8160698,-0.007319999858736992,0.003659999929368496,0.9325679540634155
1510504665.833115,-0.005123999901115894,0.0029279999434947968,0.9347639679908752
1510504665.8501506,-0.0058559998869895935,0.004391999915242195,0.9435479640960693
1510504665.8671865,-0.004391999915242195,0.004391999915242195,0.9406200051307678
1510504665.8879154,-0.003659999929368496,0.003659999929368496,0.9193919897079468
1510504665.9049215,-0.005123999901115894,0.004391999915242195,0.9340319633483887
1510504665.9219992,-0.0058559998869895935,0.0021959999576210976,0.945743978023529
1510504665.939045,-0.004391999915242195,0.0021959999576210976,0.9406200051307678
1510504665.956085,-0.005123999901115894,0.003659999929368496,0.9311040043830872
1510504665.9731321,-0.0058559998869895935,0.003659999929368496,0.9376919865608215
1510504665.9902012,-0.006587999872863293,0.0029279999434947968,0.945743978023529
1510504666.0072446,-0.003659999929368496,0.004391999915242195,0.9289079904556274
1510504666.0242846,-0.0058559998869895935,0.0029279999434947968,0.9472079873085022
1510504666.0413365,-0.004391999915242195,0.0029279999434947968,0.9450119733810425
1510504666.0583773,-0.005123999901115894,0.0029279999434947968,0.9442799687385559
1510504666.0754464,-0.003659999929368496,0.0029279999434947968,0.9347639679908752
1510504666.0924916,-0.0029279999434947968,0.0029279999434947968,0.929639995098114
1510504666.1095293,-0.005123999901115894,0.003659999929368496,0.9398880004882812
1510504666.1265557,-0.003659999929368496,0.004391999915242195,0.9289079904556274
1510504666.1435726,-0.003659999929368496,0.003659999929368496,0.9545279741287231
1510504666.160613,-0.0058559998869895935,0.0021959999576210976,0.9398880004882812
1510504666.1776795,-0.004391999915242195,0.0029279999434947968,0.9347639679908752
1510504666.194727,-0.00951599981635809,0.0029279999434947968,0.9201239943504333
1510504666.2117677,-0.004391999915242195,0.0029279999434947968,0.9435479640960693
1510504666.2288117,-0.006587999872863293,0.003659999929368496,0.9325679540634155
1510504666.2496698,-0.0029279999434947968,0.003659999929368496,0.9340319633483887
1510504666.2667542,-0.004391999915242195,0.003659999929368496,0.9464759826660156
1510504666.2838297,-0.005123999901115894,0.0029279999434947968,0.9435479640960693
1510504666.3008761,-0.003659999929368496,0.003659999929368496,0.9274439811706543
1510504666.3179185,-0.005123999901115894,0.0029279999434947968,0.9515999555587769
1510504666.334995,-0.004391999915242195,0.004391999915242195,0.9223200082778931
1510504666.3520727,-0.003659999929368496,0.003659999929368496,0.9325679540634155
1510504666.369115,-0.0029279999434947968,0.003659999929368496,0.9362279772758484
1510504666.3860817,-0.004391999915242195,0.003659999929368496,0.9472079873085022
1510504666.4031327,-0.006587999872863293,0.004391999915242195,0.9450119733810425
1510504666.4201725,-0.004391999915242195,0.0029279999434947968,0.9362279772758484
1510504666.437217,-0.003659999929368496,0.004391999915242195,0.9486719965934753
1510504666.4542642,-0.004391999915242195,0.0029279999434947968,0.9362279772758484
1510504666.4713037,-0.005123999901115894,0.0029279999434947968,0.9398880004882812
1510504666.4883685,-0.00878399983048439,0.0029279999434947968,0.9311040043830872
1510504666.5054138,-0.004391999915242195,0.0029279999434947968,0.9325679540634155
1510504666.5224926,-0.003659999929368496,0.0021959999576210976,0.9391559958457947
1510504666.5395322,-0.004391999915242195,0.003659999929368496,0.9428159594535828
1510504666.5565743,-0.003659999929368496,0.003659999929368496,0.9406200051307678
1510504666.5736208,-0.005123999901115894,0.003659999929368496,0.9420839548110962
1510504666.5906844,-0.0058559998869895935,0.0058559998869895935,0.9362279772758484
1510504666.6077251,-0.005123999901115894,0.005123999901115894,0.9428159594535828
1510504666.624774,-0.004391999915242195,0.0029279999434947968,0.9464759826660156
1510504666.6420429,-0.0058559998869895935,0.0014639999717473984,0.9289079904556274
1510504666.6629176,-0.003659999929368496,0.003659999929368496,0.9413520097732544
1510504666.6799638,-0.0029279999434947968,0.0029279999434947968,0.9479399919509888
1510504666.6969736,-0.005123999901115894,0.003659999929368496,0.9398880004882812
1510504666.7140365,-0.0021959999576210976,0.003659999929368496,0.9384239912033081
1510504666.7310858,-0.0058559998869895935,0.003659999929368496,0.9347639679908752
1510504666.7481303,-0.008051999844610691,0.004391999915242195,0.9281759858131409
1510504666.7651784,-0.00878399983048439,0.003659999929368496,0.9391559958457947
1510504666.7822504,-0.0058559998869895935,0.0029279999434947968,0.9420839548110962
1510504666.799297,-0.006587999872863293,0.0029279999434947968,0.9347639679908752
1510504666.816341,-0.003659999929368496,0.0029279999434947968,0.945743978023529
1510504666.833388,-0.004391999915242195,0.003659999929368496,0.958187997341156
1510504666.8504279,-0.004391999915242195,0.004391999915242195,0.9537959694862366
1510504666.8675094,-0.0058559998869895935,0.0029279999434947968,0.9494040012359619
1510504666.8844802,-0.004391999915242195,0.0021959999576210976,0.9325679540634155
1510504666.9015265,-0.0029279999434947968,0.0021959999576210976,0.9501360058784485
1510504666.9185708,-0.007319999858736992,0.0029279999434947968,0.9589200019836426
1510504666.9355166,-0.005123999901115894,0.0007319999858736992,0.9501360058784485
1510504666.9525664,-0.003659999929368496,0.0007319999858736992,0.9559919834136963
1510504666.9696066,-0.0058559998869895935,0.0029279999434947968,0.9618479609489441
1510504666.986678,-0.003659999929368496,0.003659999929368496,0.9677039980888367
1510504667.0037286,-0.004391999915242195,0.0029279999434947968,0.9706319570541382
1510504667.0207675,-0.0058559998869895935,0.004391999915242195,0.9698999524116516
1510504667.0416193,-0.003659999929368496,0.004391999915242195,0.9603840112686157
1510504667.0586605,-0.0021959999576210976,0.0058559998869895935,0.9611159563064575
1510504667.0757077,-0.004391999915242195,0.003659999929368496,0.9808799624443054
1510504667.092783,-0.010247999802231789,0.003659999929368496,0.9669719934463501
1510504667.109823,-0.0058559998869895935,0.003659999929368496,0.9618479609489441
1510504667.1268454,-0.0029279999434947968,0.003659999929368496,0.9698999524116516
1510504667.1438444,-0.005123999901115894,0.003659999929368496,0.965507984161377
1510504667.1608872,-0.0058559998869895935,0.004391999915242195,0.9845399856567383
1510504667.177932,-0.004391999915242195,0.003659999929368496,0.9830759763717651
1510504667.1950085,-0.006587999872863293,0.0029279999434947968,0.9786840081214905
1510504667.21209,-0.005123999901115894,0.0021959999576210976,0.9684360027313232
1510504667.2291284,-0.005123999901115894,0.003659999929368496,0.9852719902992249
1510504667.2461653,-0.0058559998869895935,0.003659999929368496,0.9882000088691711
1510504667.2632132,-0.003659999929368496,0.0029279999434947968,0.9896639585494995
1510504667.280247,-0.004391999915242195,0.0029279999434947968,0.9845399856567383
1510504667.297309,-0.00878399983048439,0.003659999929368496,0.9779520034790039
1510504667.3143578,-0.005123999901115894,0.003659999929368496,0.9911279678344727
1510504667.3313987,-0.004391999915242195,0.003659999929368496,0.9925919771194458
1510504667.348441,-0.005123999901115894,0.003659999929368496,1.0072319507598877
1510504667.3654847,-0.0058559998869895935,0.0029279999434947968,1.0006439685821533
1510504667.3824425,-0.00878399983048439,0.005123999901115894,0.9896639585494995
1510504667.3994641,-0.005123999901115894,0.003659999929368496,0.9750239849090576
1510504667.4203212,-0.0021959999576210976,0.0029279999434947968,0.9823439717292786
1510504667.4373407,-0.005123999901115894,0.0029279999434947968,0.994055986404419
1510504667.4543593,-0.003659999929368496,0.0021959999576210976,0.9955199956893921
1510504667.4713802,-0.00878399983048439,0.0029279999434947968,0.9911279678344727
1510504667.4884005,-0.005123999901115894,0.0029279999434947968,0.9779520034790039
1510504667.5054502,-0.004391999915242195,0.0021959999576210976,0.9911279678344727
1510504667.5224767,-0.0058559998869895935,0.003659999929368496,0.9889319539070129
1510504667.5394938,-0.004391999915242195,0.003659999929368496,0.9947879910469055
1510504667.5565126,-0.0058559998869895935,0.005123999901115894,0.9918599724769592
1510504667.5735347,-0.004391999915242195,0.003659999929368496,0.9786840081214905
1510504667.5905733,-0.004391999915242195,0.0021959999576210976,0.974291980266571
1510504667.6075892,-0.004391999915242195,0.0021959999576210976,0.9808799624443054
1510504667.624635,-0.004391999915242195,0.0021959999576210976,0.994055986404419
1510504667.641599,-0.006587999872863293,0.003659999929368496,1.0028399229049683
1510504667.6586404,-0.003659999929368496,0.0029279999434947968,0.9969840049743652
1510504667.675696,-0.004391999915242195,0.0029279999434947968,0.9757559895515442
1510504667.6927655,-0.005123999901115894,0.004391999915242195,0.9925919771194458
1510504667.7098029,-0.004391999915242195,0.003659999929368496,0.9969840049743652
1510504667.7268414,-0.008051999844610691,0.0029279999434947968,0.9882000088691711
1510504667.7439182,-0.004391999915242195,0.0029279999434947968,0.9918599724769592
1510504667.7609527,-0.004391999915242195,0.0029279999434947968,0.9874680042266846
1510504667.7818024,-0.0058559998869895935,0.003659999929368496,0.9786840081214905
1510504667.7988734,-0.0058559998869895935,0.003659999929368496,0.9852719902992249
1510504667.8159187,-0.004391999915242195,0.003659999929368496,0.9911279678344727
1510504667.832977,-0.006587999872863293,0.003659999929368496,0.9984479546546936
1510504667.8500125,-0.006587999872863293,0.0021959999576210976,0.9962520003318787
1510504667.8670518,-0.003659999929368496,0.003659999929368496,0.9852719902992249
1510504667.8839986,-0.0058559998869895935,0.005123999901115894,0.9889319539070129
1510504667.901067,-0.008051999844610691,0.004391999915242195,0.9896639585494995
1510504667.9181054,-0.004391999915242195,0.003659999929368496,0.9830759763717651
1510504667.9352353,-0.003659999929368496,0.0029279999434947968,0.9845399856567383
1510504667.9525247,-0.0029279999434947968,0.0014639999717473984,0.986735999584198
1510504667.9696019,-0.003659999929368496,0.0014639999717473984,0.9786840081214905
1510504667.9866319,-0.005123999901115894,0.003659999929368496,0.986735999584198
1510504668.0037053,-0.005123999901115894,0.0029279999434947968,0.994055986404419
1510504668.0207448,-0.003659999929368496,0.003659999929368496,0.9984479546546936
1510504668.037788,-0.005123999901115894,0.003659999929368496,0.9918599724769592
1510504668.0548377,-0.003659999929368496,0.003659999929368496,0.9896639585494995
1510504668.0718756,-0.004391999915242195,0.0029279999434947968,0.9874680042266846
1510504668.08895,-0.004391999915242195,0.0021959999576210976,0.9874680042266846
1510504668.1060228,-0.004391999915242195,0.0029279999434947968,0.9889319539070129
1510504668.1230655,-0.005123999901115894,0.0029279999434947968,0.9933239817619324
1510504668.140015,-0.0058559998869895935,0.004391999915242195,0.9889319539070129
1510504668.1570668,-0.006587999872863293,0.0029279999434947968,0.9808799624443054
1510504668.1779168,-0.007319999858736992,0.004391999915242195,0.9911279678344727
1510504668.1949964,-0.003659999929368496,0.004391999915242195,0.9999119639396667
1510504668.2120996,-0.0058559998869895935,0.004391999915242195,1.0043039321899414
1510504668.2291412,-0.003659999929368496,0.0029279999434947968,0.9933239817619324
1510504668.24618,-0.005123999901115894,0.003659999929368496,0.9874680042266846
1510504668.2632225,-0.004391999915242195,0.0029279999434947968,0.9852719902992249
1510504668.2802582,-0.004391999915242195,0.004391999915242195,0.9896639585494995
1510504668.297223,-0.003659999929368496,0.005123999901115894,0.9860039949417114
1510504668.3142686,-0.003659999929368496,0.0021959999576210976,0.9874680042266846
1510504668.3313048,-0.004391999915242195,0.0029279999434947968,0.9882000088691711
1510504668.348353,-0.0058559998869895935,0.0029279999434947968,0.9918599724769592
1510504668.3653967,-0.004391999915242195,0.0021959999576210976,0.9896639585494995
1510504668.3826442,-0.005123999901115894,0.0029279999434947968,0.9882000088691711
1510504668.3997188,-0.0058559998869895935,0.003659999929368496,0.9991799592971802
1510504668.4167726,-0.0058559998869895935,0.003659999929368496,0.9962520003318787
1510504668.4338183,-0.004391999915242195,0.004391999915242195,0.9830759763717651
1510504668.4508588,-0.006587999872863293,0.004391999915242195,0.9838079810142517
1510504668.4678967,-0.003659999929368496,0.003659999929368496,0.9830759763717651
1510504668.4849412,-0.005123999901115894,0.004391999915242195,0.9852719902992249
1510504668.5020475,-0.007319999858736992,0.0029279999434947968,0.9918599724769592
1510504668.5190897,-0.005123999901115894,0.0021959999576210976,0.9925919771194458
1510504668.536131,-0.003659999929368496,0.0029279999434947968,0.9918599724769592
1510504668.5531902,-0.004391999915242195,0.0021959999576210976,0.9896639585494995
1510504668.5702317,-0.003659999929368496,0.0029279999434947968,0.9889319539070129
1510504668.591076,-0.003659999929368496,0.005123999901115894,0.994055986404419
1510504668.608144,-0.005123999901115894,0.004391999915242195,0.9933239817619324
1510504668.625195,-0.004391999915242195,0.003659999929368496,0.9860039949417114
1510504668.642203,-0.004391999915242195,0.0029279999434947968,0.9823439717292786
1510504668.6592486,-0.004391999915242195,0.0029279999434947968,0.9786840081214905
1510504668.6762953,-0.004391999915242195,0.003659999929368496,0.9801479578018188
1510504668.6933439,-0.003659999929368496,0.0029279999434947968,0.9903959631919861
1510504668.7104115,-0.006587999872863293,0.0029279999434947968,0.9962520003318787
1510504668.7274554,-0.005123999901115894,0.004391999915242195,0.9962520003318787
1510504668.744505,-0.005123999901115894,0.0021959999576210976,0.9962520003318787
1510504668.7615454,-0.0058559998869895935,0.0014639999717473984,0.986735999584198
1510504668.7785058,-0.00951599981635809,0.0021959999576210976,0.9830759763717651
1510504668.7955632,-0.0058559998869895935,0.0014639999717473984,0.994055986404419
1510504668.812638,-0.008051999844610691,0.0029279999434947968,0.9882000088691711
1510504668.829679,-0.006587999872863293,0.0029279999434947968,0.9860039949417114
1510504668.8467379,-0.00951599981635809,0.003659999929368496,0.9860039949417114
1510504668.8637738,-0.0058559998869895935,0.005123999901115894,0.9852719902992249
1510504668.8807833,-0.004391999915242195,0.003659999929368496,0.9947879910469055
1510504668.8978174,-0.003659999929368496,0.003659999929368496,0.9933239817619324
1510504668.9148958,-0.0029279999434947968,0.0021959999576210976,0.9925919771194458
1510504668.9319417,-0.003659999929368496,0.0021959999576210976,0.9794159531593323
1510504668.9490204,-0.0058559998869895935,0.003659999929368496,0.981611967086792
1510504668.9698737,-0.005123999901115894,0.003659999929368496,0.9874680042266846
1510504668.9869168,-0.004391999915242195,0.003659999929368496,0.9903959631919861
1510504669.0039928,-0.003659999929368496,0.004391999915242195,0.9874680042266846
1510504669.020955,-0.005123999901115894,0.003659999929368496,0.9845399856567383
1510504669.0379949,-0.003659999929368496,0.0029279999434947968,0.9772199988365173
1510504669.0550308,-0.0058559998869895935,0.005123999901115894,0.9845399856567383
1510504669.0721085,-0.0058559998869895935,0.0029279999434947968,0.9969840049743652
1510504669.089153,-0.003659999929368496,-0.18519599735736847,1.0021079778671265
1510504669.1062195,-0.004391999915242195,0.0021959999576210976,0.9918599724769592
1510504669.1232696,-0.0029279999434947968,0.0007319999858736992,0.9808799624443054
1510504669.1402228,-0.007319999858736992,0.0029279999434947968,0.9830759763717651
1510504669.1572676,-0.007319999858736992,0.0029279999434947968,0.9845399856567383
1510504669.1743112,-0.0029279999434947968,0.003659999929368496,0.9903959631919861
1510504669.1913636,-0.003659999929368496,0.0029279999434947968,0.9903959631919861
1510504669.2084286,-0.007319999858736992,0.003659999929368496,0.9918599724769592
1510504669.2254722,-0.00878399983048439,0.003659999929368496,0.9969840049743652
1510504669.2425148,-0.007319999858736992,0.003659999929368496,0.9911279678344727
1510504669.259551,-0.004391999915242195,0.003659999929368496,0.9955199956893921
1510504669.2765882,-0.003659999929368496,0.003659999929368496,0.9962520003318787
1510504669.2936306,-0.007319999858736992,0.0029279999434947968,0.9860039949417114
1510504669.310699,-0.006587999872863293,0.0029279999434947968,0.9801479578018188
1510504669.3277419,-0.006587999872863293,0.003659999929368496,0.9823439717292786
1510504669.348592,-0.003659999929368496,0.0029279999434947968,0.9852719902992249
1510504669.365633,-0.003659999929368496,0.0029279999434947968,0.9896639585494995
1510504669.382602,-0.0029279999434947968,0.003659999929368496,0.9918599724769592
1510504669.3996544,-0.006587999872863293,0.0029279999434947968,0.9903959631919861
1510504669.416754,-0.004391999915242195,0.0029279999434947968,0.9852719902992249
1510504669.433806,-0.003659999929368496,0.003659999929368496,0.9860039949417114
1510504669.4508526,-0.004391999915242195,0.0021959999576210976,0.9911279678344727
1510504669.4678924,-0.004391999915242195,0.003659999929368496,0.9903959631919861
1510504669.4849384,-0.0058559998869895935,0.003659999929368496,0.9911279678344727
1510504669.5020137,-0.004391999915242195,0.003659999929368496,0.9852719902992249
1510504669.5190783,-0.0058559998869895935,0.003659999929368496,0.986735999584198
1510504669.5361214,-0.007319999858736992,0.004391999915242195,0.9882000088691711
1510504669.5531995,-0.007319999858736992,0.0029279999434947968,0.9955199956893921
1510504669.57024,-0.0058559998869895935,0.0029279999434947968,0.994055986404419
1510504669.587282,-0.006587999872863293,0.0029279999434947968,0.9933239817619324
1510504669.6043332,-0.006587999872863293,0.0029279999434947968,0.9860039949417114
1510504669.6214318,-0.003659999929368496,0.003659999929368496,0.9882000088691711
1510504669.638373,-0.003659999929368496,0.0029279999434947968,0.9903959631919861
1510504669.6554196,-0.004391999915242195,0.0029279999434947968,0.994055986404419
1510504669.6724765,-0.0058559998869895935,0.003659999929368496,0.9874680042266846
1510504669.6895173,-0.005123999901115894,0.0021959999576210976,0.9794159531593323
1510504669.706558,-0.008051999844610691,0.003659999929368496,0.9838079810142517
1510504669.7274604,-0.007319999858736992,0.0021959999576210976,0.9933239817619324
1510504669.7445073,-0.005123999901115894,0.0029279999434947968,1.0013760328292847
1510504669.761548,-0.004391999915242195,0.003659999929368496,0.9947879910469055
1510504669.7785866,-0.006587999872863293,0.0021959999576210976,0.9874680042266846
1510504669.795629,-0.003659999929368496,0.0021959999576210976,0.9852719902992249
1510504669.8126688,-0.003659999929368496,0.0021959999576210976,0.9874680042266846
1510504669.8297412,-0.003659999929368496,0.0029279999434947968,0.9903959631919861
1510504669.8467772,-0.006587999872863293,0.003659999929368496,0.9896639585494995
1510504669.8638217,-0.004391999915242195,0.004391999915242195,0.9925919771194458
1510504669.880801,-0.0058559998869895935,0.0029279999434947968,0.9889319539070129
1510504669.8978739,-0.007319999858736992,0.0029279999434947968,0.9882000088691711
1510504669.9149559,-0.0058559998869895935,0.003659999929368496,0.994055986404419
1510504669.9320414,-0.004391999915242195,0.003659999929368496,0.9955199956893921
1510504669.9490805,-0.004391999915242195,0.0021959999576210976,0.994055986404419
1510504669.9661193,-0.00878399983048439,0.0029279999434947968,0.9896639585494995
1510504669.9831672,-0.005123999901115894,0.0029279999434947968,0.9845399856567383
1510504670.000207,-0.005123999901115894,0.003659999929368496,0.9874680042266846
1510504670.0172727,-0.004391999915242195,0.0029279999434947968,0.9882000088691711
1510504670.0343323,-0.004391999915242195,0.003659999929368496,0.986735999584198
1510504670.0513368,-0.007319999858736992,-0.1844639927148819,0.9903959631919861
1510504670.0683749,-0.006587999872863293,0.0007319999858736992,0.9911279678344727
1510504670.085423,-0.004391999915242195,0.0029279999434947968,0.9918599724769592
1510504670.1025,-0.005123999901115894,0.004391999915242195,0.9955199956893921
1510504670.119853,-0.0058559998869895935,0.0021959999576210976,0.9977160096168518
1510504670.1368053,-0.004391999915242195,0.0029279999434947968,0.9889319539070129
1510504670.1576529,-0.007319999858736992,0.003659999929368496,0.9860039949417114
1510504670.1746936,-0.004391999915242195,0.003659999929368496,0.9860039949417114
1510504670.1917694,-0.004391999915242195,0.0029279999434947968,0.9838079810142517
1510504670.2088082,-0.005123999901115894,0.0029279999434947968,0.9845399856567383
1510504670.225876,-0.005123999901115894,0.0021959999576210976,0.9925919771194458
1510504670.2429228,-0.006587999872863293,0.003659999929368496,0.9969840049743652
1510504670.2599604,-0.004391999915242195,0.0029279999434947968,0.9925919771194458
1510504670.2770035,-0.005123999901115894,0.004391999915242195,0.9903959631919861
1510504670.2940457,-0.005123999901115894,0.003659999929368496,0.9882000088691711
1510504670.3110862,-0.004391999915242195,0.003659999929368496,0.9896639585494995
1510504670.3281922,-0.004391999915242195,0.0029279999434947968,0.9882000088691711
1510504670.3452418,-0.004391999915242195,0.0029279999434947968,0.9889319539070129
1510504670.3622837,-0.005123999901115894,0.003659999929368496,0.9874680042266846
1510504670.3792777,-0.004391999915242195,0.0029279999434947968,0.9852719902992249
1510504670.3962967,-0.003659999929368496,0.0029279999434947968,0.9903959631919861
1510504670.413343,-0.0058559998869895935,0.003659999929368496,0.9882000088691711
1510504670.4304087,-0.007319999858736992,0.003659999929368496,0.9962520003318787
1510504670.4474556,-0.006587999872863293,0.003659999929368496,0.9903959631919861
1510504670.4645011,-0.005123999901115894,0.0029279999434947968,0.9918599724769592
1510504670.481537,-0.005123999901115894,0.0029279999434947968,0.9889319539070129
1510504670.498577,-0.005123999901115894,0.0029279999434947968,0.9918599724769592
1510504670.515622,-0.005123999901115894,0.0029279999434947968,0.9838079810142517
1510504670.5364633,-0.003659999929368496,0.0029279999434947968,0.9874680042266846
1510504670.5535119,-0.0029279999434947968,0.0014639999717473984,0.9896639585494995
1510504670.5705566,-0.0029279999434947968,0.003659999929368496,0.9882000088691711
1510504670.5875967,-0.004391999915242195,0.003659999929368496,0.986735999584198
1510504670.6046414,-0.004391999915242195,0.005123999901115894,0.9852719902992249
1510504670.6216757,-0.006587999872863293,0.003659999929368496,0.9969840049743652
1510504670.6386166,-0.010247999802231789,0.0021959999576210976,0.9984479546546936
1510504670.6556613,-0.00951599981635809,0.003659999929368496,0.9911279678344727
1510504670.672707,-0.005123999901115894,0.0029279999434947968,0.986735999584198
1510504670.6897478,-0.005123999901115894,0.0029279999434947968,0.9852719902992249
1510504670.7067907,-0.003659999929368496,0.005123999901115894,0.9852719902992249
1510504670.723861,-0.005123999901115894,0.0029279999434947968,0.9896639585494995
1510504670.740903,-0.003659999929368496,0.0029279999434947968,0.9838079810142517
1510504670.7579427,-0.004391999915242195,0.0014639999717473984,0.9882000088691711
1510504670.7749894,-0.003659999929368496,0.0014639999717473984,0.9852719902992249
1510504670.7920723,-0.005123999901115894,0.003659999929368496,0.994055986404419
1510504670.8091092,-0.005123999901115894,0.0029279999434947968,1.0035719871520996
1510504670.8261707,-0.00878399983048439,0.004391999915242195,0.9925919771194458
1510504670.8432178,-0.010247999802231789,0.004391999915242195,0.9823439717292786
1510504670.8602061,-0.00878399983048439,0.003659999929368496,0.9852719902992249
1510504670.8772366,-0.005123999901115894,0.003659999929368496,0.9889319539070129
1510504670.8980687,-0.0029279999434947968,0.0029279999434947968,0.9911279678344727
1510504670.9151163,-0.004391999915242195,0.0029279999434947968,0.9911279678344727
1510504670.932218,-0.004391999915242195,0.0021959999576210976,0.9874680042266846
1510504670.9492579,-0.004391999915242195,0.0021959999576210976,0.9903959631919861
1510504670.9663012,-0.004391999915242195,0.0029279999434947968,0.9845399856567383
1510504670.9833448,-0.0058559998869895935,0.0029279999434947968,0.9955199956893921
1510504671.0003855,-0.005123999901115894,0.003659999929368496,0.994055986404419
1510504671.0174592,-0.005123999901115894,0.003659999929368496,0.9889319539070129
1510504671.0345342,-0.003659999929368496,0.005123999901115894,0.9838079810142517
1510504671.0515747,-0.007319999858736992,0.0029279999434947968,0.9874680042266846
1510504671.0686157,-0.003659999929368496,0.0029279999434947968,0.9823439717292786
1510504671.085655,-0.0058559998869895935,0.0029279999434947968,0.9911279678344727
1510504671.1026452,-0.008051999844610691,0.0021959999576210976,0.9984479546546936
1510504671.1196878,-0.0058559998869895935,0.003659999929368496,0.9962520003318787
1510504671.1366532,-0.0058559998869895935,0.0029279999434947968,0.9918599724769592
1510504671.1537042,-0.0029279999434947968,0.0021959999576210976,0.986735999584198
1510504671.1707468,-0.003659999929368496,0.0029279999434947968,0.9845399856567383
1510504671.1878252,-0.005123999901115894,0.0021959999576210976,0.9947879910469055
1510504671.2048748,-0.0058559998869895935,0.0014639999717473984,1.0006439685821533
1510504671.2219186,-0.006587999872863293,0.004391999915242195,0.9845399856567383
1510504671.2390263,-0.0058559998869895935,0.0029279999434947968,0.9808799624443054
1510504671.256072,-0.006587999872863293,0.0029279999434947968,0.9882000088691711
1510504671.2769194,-0.004391999915242195,0.003659999929368496,0.9896639585494995
1510504671.2939615,-0.003659999929368496,0.0014639999717473984,0.994055986404419
1510504671.3110082,-0.0058559998869895935,0.0029279999434947968,0.9882000088691711
1510504671.3280516,-0.007319999858736992,0.0029279999434947968,0.9779520034790039
1510504671.345122,-0.0058559998869895935,0.0029279999434947968,0.9838079810142517
1510504671.3621953,-0.004391999915242195,0.003659999929368496,0.9860039949417114
1510504671.3791974,-0.00951599981635809,0.003659999929368496,0.9955199956893921
1510504671.3962162,-0.006587999872863293,0.0029279999434947968,0.9925919771194458
1510504671.4132588,-0.00951599981635809,0.003659999929368496,0.9830759763717651
1510504671.4303622,-0.005123999901115894,0.003659999929368496,0.9911279678344727
1510504671.447408,-0.005123999901115894,0.0029279999434947968,0.9903959631919861
1510504671.4644556,-0.003659999929368496,0.0021959999576210976,0.9999119639396667
1510504671.4814982,-0.004391999915242195,0.0029279999434947968,0.9991799592971802
1510504671.4985723,-0.003659999929368496,0.0014639999717473984,0.9933239817619324
1510504671.5156221,-0.0058559998869895935,0.0021959999576210976,0.9903959631919861
1510504671.5326927,-0.004391999915242195,0.004391999915242195,0.9852719902992249
1510504671.5497344,-0.010979999788105488,0.0029279999434947968,0.9860039949417114
1510504671.5667796,-0.004391999915242195,0.003659999929368496,0.9933239817619324
1510504671.5838268,-0.004391999915242195,0.0021959999576210976,0.9896639585494995
1510504671.6008687,-0.004391999915242195,0.003659999929368496,0.9830759763717651
1510504671.6179142,-0.007319999858736992,0.0029279999434947968,0.9838079810142517
1510504671.6349123,-0.0058559998869895935,0.0029279999434947968,0.9925919771194458
1510504671.6519907,-0.003659999929368496,0.0021959999576210976,0.9955199956893921
1510504671.672849,-0.005123999901115894,0.003659999929368496,0.9969840049743652
1510504671.6898987,-0.005123999901115894,0.003659999929368496,0.9911279678344727
1510504671.7069504,-0.004391999915242195,0.003659999929368496,0.9830759763717651
1510504671.7239978,-0.006587999872863293,0.003659999929368496,0.9852719902992249
1510504671.7410617,-0.005123999901115894,0.0029279999434947968,0.9860039949417114
1510504671.7581036,-0.003659999929368496,0.0021959999576210976,0.9860039949417114
1510504671.775147,-0.0029279999434947968,0.0014639999717473984,0.9925919771194458
1510504671.7922251,-0.004391999915242195,0.0029279999434947968,0.9933239817619324
1510504671.8092668,-0.005123999901115894,0.0029279999434947968,0.9889319539070129
1510504671.8263097,-0.008051999844610691,0.003659999929368496,0.9955199956893921
1510504671.8433836,-0.004391999915242195,0.003659999929368496,0.9962520003318787
1510504671.8607018,-0.005123999901115894,0.0029279999434947968,0.9882000088691711
1510504671.8777335,-0.005123999901115894,0.004391999915242195,0.9874680042266846
1510504671.8947382,-0.006587999872863293,0.0021959999576210976,0.9830759763717651
1510504671.9117796,-0.0058559998869895935,0.0029279999434947968,0.9779520034790039
1510504671.9288216,-0.004391999915242195,0.003659999929368496,0.9801479578018188
1510504671.9458973,-0.005123999901115894,0.0029279999434947968,0.9903959631919861
1510504671.9629493,-0.004391999915242195,0.003659999929368496,0.9925919771194458
1510504671.9799948,-0.0058559998869895935,0.0021959999576210976,0.9947879910469055
1510504671.997052,-0.00951599981635809,0.0029279999434947968,0.994055986404419
1510504672.0140972,-0.0058559998869895935,0.0029279999434947968,0.9874680042266846
1510504672.0311391,-0.004391999915242195,0.0029279999434947968,0.9933239817619324
1510504672.0482478,-0.0029279999434947968,0.003659999929368496,0.9845399856567383
1510504672.0653212,-0.005123999901115894,0.003659999929368496,0.9808799624443054
1510504672.082379,-0.00878399983048439,0.0029279999434947968,0.9860039949417114
1510504672.103231,-0.006587999872863293,0.0029279999434947968,0.9918599724769592
1510504672.120272,-0.007319999858736992,0.003659999929368496,0.9903959631919861
1510504672.1372163,-0.0058559998869895935,0.0029279999434947968,0.994055986404419
1510504672.1542945,-0.004391999915242195,0.0029279999434947968,0.9947879910469055
1510504672.171334,-0.003659999929368496,0.0021959999576210976,0.9918599724769592
1510504672.188378,-0.005123999901115894,0.003659999929368496,0.9896639585494995
1510504672.2054243,-0.004391999915242195,0.0029279999434947968,0.9882000088691711
1510504672.222475,-0.004391999915242195,0.0029279999434947968,0.9889319539070129
1510504672.2395377,-0.0058559998869895935,0.0021959999576210976,0.9903959631919861
1510504672.2565937,-0.0058559998869895935,0.003659999929368496,0.994055986404419
1510504672.2736425,-0.0058559998869895935,0.003659999929368496,0.9874680042266846
1510504672.290684,-0.005123999901115894,0.0029279999434947968,0.9882000088691711
1510504672.3077304,-0.004391999915242195,0.0014639999717473984,0.9845399856567383
1510504672.3247755,-0.0058559998869895935,0.0014639999717473984,0.9925919771194458
1510504672.3418474,-0.005123999901115894,0.0029279999434947968,0.9925919771194458
1510504672.3588963,-0.006587999872863293,0.0021959999576210976,0.9896639585494995
1510504672.3759325,-0.0058559998869895935,0.0029279999434947968,0.9838079810142517
1510504672.3929074,-0.004391999915242195,0.003659999929368496,0.986735999584198
1510504672.4099238,-0.004391999915242195,0.003659999929368496,0.986735999584198
1510504672.4269423,-0.005123999901115894,0.0021959999576210976,0.9903959631919861
1510504672.4439862,-0.008051999844610691,0.003659999929368496,0.9874680042266846
1510504672.4648182,-0.0058559998869895935,0.0029279999434947968,0.9903959631919861
1510504672.4818356,-0.005123999901115894,0.003659999929368496,0.9874680042266846
1510504672.4988546,-0.005123999901115894,0.003659999929368496,0.9911279678344727
1510504672.5158706,-0.004391999915242195,0.003659999929368496,0.9947879910469055
1510504672.5328891,-0.005123999901115894,0.003659999929368496,0.9845399856567383
1510504672.5499372,-0.004391999915242195,0.003659999929368496,0.9918599724769592
1510504672.5669541,-0.004391999915242195,0.0029279999434947968,0.9838079810142517
1510504672.5839796,-0.0058559998869895935,0.004391999915242195,0.9808799624443054
1510504672.6009977,-0.005123999901115894,0.003659999929368496,0.9874680042266846
1510504672.618032,-0.005123999901115894,0.0029279999434947968,0.9889319539070129
1510504672.6349692,-0.0058559998869895935,0.0029279999434947968,0.9896639585494995
1510504672.6520746,-0.006587999872863293,0.003659999929368496,1.0028399229049683
1510504672.669117,-0.0058559998869895935,0.0021959999576210976,0.9911279678344727
1510504672.6861567,-0.0058559998869895935,0.0014639999717473984,0.974291980266571
1510504672.7032046,-0.008051999844610691,0.0029279999434947968,0.9933239817619324
1510504672.720242,-0.008051999844610691,0.0021959999576210976,0.9903959631919861
1510504672.7372823,-0.00951599981635809,0.0029279999434947968,0.9882000088691711
1510504672.754364,-0.00951599981635809,0.0014639999717473984,0.9852719902992249
1510504672.771407,-0.004391999915242195,0.0029279999434947968,0.9808799624443054
1510504672.7884426,-0.005123999901115894,0.0029279999434947968,0.9845399856567383
1510504672.8054883,-0.0021959999576210976,0.0058559998869895935,0.9955199956893921
1510504672.8263266,-0.0021959999576210976,0.006587999872863293,0.9955199956893921
1510504672.843368,-0.0029279999434947968,0.004391999915242195,0.9969840049743652
1510504672.8604333,-0.0029279999434947968,0.003659999929368496,0.9896639585494995
1510504672.8774555,-0.003659999929368496,0.0021959999576210976,0.9852719902992249
1510504672.894454,-0.004391999915242195,0.0021959999576210976,0.9933239817619324
1510504672.9114916,-0.0058559998869895935,0.0014639999717473984,0.9918599724769592
1510504672.928529,-0.007319999858736992,0.0029279999434947968,0.9925919771194458
1510504672.9455795,-0.007319999858736992,0.0029279999434947968,0.9903959631919861
1510504672.962662,-0.0029279999434947968,0.003659999929368496,0.9779520034790039
1510504672.979702,-0.004391999915242195,0.003659999929368496,0.9852719902992249
1510504672.9967449,-0.003659999929368496,0.003659999929368496,0.9947879910469055
1510504673.013794,-0.004391999915242195,0.0029279999434947968,0.9955199956893921
1510504673.0308316,-0.006587999872863293,0.0029279999434947968,0.994055986404419
1510504673.0478978,-0.005123999901115894,0.0021959999576210976,0.9838079810142517
1510504673.0649486,-0.004391999915242195,0.0021959999576210976,0.9801479578018188
1510504673.0820215,-0.004391999915242195,0.003659999929368496,0.981611967086792
1510504673.099059,-0.004391999915242195,0.003659999929368496,0.9903959631919861
1510504673.1161013,-0.0058559998869895935,0.005123999901115894,0.9933239817619324
1510504673.133063,-0.004391999915242195,0.0029279999434947968,0.986735999584198
1510504673.1501288,-0.006587999872863293,0.0021959999576210976,0.9838079810142517
1510504673.1671488,-0.005123999901115894,0.0021959999576210976,0.9874680042266846
1510504673.1841521,-0.007319999858736992,0.0021959999576210976,0.9903959631919861
1510504673.205003,-0.006587999872863293,0.0029279999434947968,0.9977160096168518
1510504673.2220805,-0.006587999872863293,0.0029279999434947968,0.9977160096168518
1510504673.2391214,-0.0058559998869895935,0.004391999915242195,0.9918599724769592
1510504673.2561922,-0.004391999915242195,0.0029279999434947968,0.9852719902992249
1510504673.273237,-0.004391999915242195,0.0029279999434947968,0.9874680042266846
1510504673.2902744,-0.0029279999434947968,0.0029279999434947968,0.9852719902992249
1510504673.307315,-0.003659999929368496,0.003659999929368496,0.9889319539070129
1510504673.324359,-0.0058559998869895935,0.0029279999434947968,0.9852719902992249
1510504673.3414004,-0.005123999901115894,0.0029279999434947968,0.9845399856567383
1510504673.3584688,-0.004391999915242195,0.0021959999576210976,0.9874680042266846
1510504673.3755069,-0.004391999915242195,0.0029279999434947968,0.9984479546546936
1510504673.3925092,-0.005123999901115894,0.003659999929368496,0.9947879910469055
1510504673.4095526,-0.004391999915242195,0.0029279999434947968,0.9925919771194458
1510504673.4265938,-0.004391999915242195,0.003659999929368496,0.9896639585494995
1510504673.4436378,-0.005123999901115894,0.0021959999576210976,0.9728279709815979
1510504673.4606998,-0.004391999915242195,0.0029279999434947968,0.9845399856567383
1510504673.4777424,-0.004391999915242195,0.003659999929368496,0.9874680042266846
1510504673.4947844,-0.005123999901115894,0.0021959999576210976,0.9933239817619324
1510504673.5118244,-0.003659999929368496,0.003659999929368496,0.9903959631919861
1510504673.5289,-0.003659999929368496,0.003659999929368496,0.9962520003318787
1510504673.5459418,-0.008051999844610691,0.003659999929368496,0.9969840049743652
1510504673.563016,-0.00878399983048439,0.0014639999717473984,0.9984479546546936
1510504673.5838642,-0.005123999901115894,0.0029279999434947968,0.9962520003318787
