1510504432.454856,-0.10028399527072906,-0.010247999802231789,1.2356159687042236
1510504432.472068,-0.020495999604463577,-0.0226919986307621,0.9764879941940308
1510504432.489124,-0.016835998743772507,-0.06734399497509003,0.9764879941940308
1510504432.5061822,-0.012443999759852886,-0.044652000069618225,0.9684360027313232
1510504432.523224,-0.006587999872863293,-0.03147599846124649,0.9640439748764038
1510504432.5402622,-0.006587999872863293,-0.025619998574256897,0.9611159563064575
1510504432.5573072,-0.004391999915242195,-0.025619998574256897,0.9691680073738098
1510504432.5743442,0.013907999731600285,-0.019763998687267303,0.9677039980888367
1510504432.595204,-0.0014639999717473984,-0.046115998178720474,0.9677039980888367
1510504432.6122477,-0.004391999915242195,-0.03294000029563904,0.9698999524116516
1510504432.6292684,-0.007319999858736992,-0.02635199949145317,0.9633119702339172
1510504432.646356,-0.00878399983048439,-0.024887999519705772,0.9647759795188904
1510504432.6634076,-0.005123999901115894,-0.030743999406695366,0.974291980266571
1510504432.6804566,-0.0029279999434947968,-0.03879600018262863,0.9684360027313232
1510504432.6974955,-0.003659999929368496,-0.03367199748754501,0.9735599756240845
1510504432.7145317,-0.004391999915242195,-0.03952799737453461,0.9545279741287231
1510504432.7315674,-0.004391999915242195,-0.03001200035214424,0.9691680073738098
1510504432.7486053,-0.0058559998869895935,-0.035868000239133835,0.9706319570541382
1510504432.7656488,-0.00878399983048439,-0.04025999829173088,0.9691680073738098
1510504432.7826924,-0.004391999915242195,-0.037331998348236084,0.9684360027313232
1510504432.7997324,-0.0029279999434947968,-0.03147599846124649,0.9669719934463501
1510504432.8167682,-0.0007319999858736992,-0.03440399840474129,0.9684360027313232
1510504432.833808,-0.0014639999717473984,-0.035868000239133835,0.9698999524116516
1510504432.8508518,-0.004391999915242195,-0.035868000239133835,0.9698999524116516
1510504432.8678977,-0.010247999802231789,-0.04025999829173088,0.9677039980888367
1510504432.8849425,-0.006587999872863293,-0.03806399926543236,0.9713639616966248
1510504432.90198,-0.003659999929368496,-0.035868000239133835,0.9706319570541382
1510504432.9190154,-0.003659999929368496,-0.03147599846124649,0.9669719934463501
1510504432.9361284,-0.0029279999434947968,-0.03001200035214424,0.9698999524116516
1510504432.953173,-0.0021959999576210976,-0.037331998348236084,0.9720959663391113
1510504432.9740186,-0.003659999929368496,-0.037331998348236084,0.9684360027313232
1510504432.991058,-0.005123999901115894,-0.0424560010433197,0.9684360027313232
1510504433.0080953,-0.007319999858736992,-0.04025999829173088,0.9706319570541382
1510504433.025148,-0.005123999901115894,-0.03952799737453461,0.9706319570541382
1510504433.0422115,-0.004391999915242195,-0.03001200035214424,0.9728279709815979
1510504433.0592527,-0.005123999901115894,-0.03440399840474129,0.974291980266571
1510504433.0762947,-0.005123999901115894,-0.028547998517751694,0.974291980266571
1510504433.0933363,-0.003659999929368496,-0.032207999378442764,0.9706319570541382
1510504433.1103737,-0.0021959999576210976,-0.035868000239133835,0.9706319570541382
1510504433.1274266,-0.0021959999576210976,-0.03147599846124649,0.9889319539070129
1510504433.1445436,-0.005123999901115894,-0.028547998517751694,0.9808799624443054
1510504433.161586,-0.004391999915242195,-0.04172400012612343,0.965507984161377
1510504433.178624,-0.003659999929368496,-0.03367199748754501,0.974291980266571
1510504433.1956656,-0.004391999915242195,-0.030743999406695366,0.9713639616966248
1510504433.2127,-0.006587999872863293,-0.03513599932193756,0.9757559895515442
1510504433.2297382,-0.007319999858736992,-0.037331998348236084,0.9764879941940308
1510504433.2468045,-0.003659999929368496,-0.04025999829173088,0.9801479578018188
1510504433.2638416,-0.0029279999434947968,-0.03660000115633011,0.9779520034790039
1510504433.280942,-0.004391999915242195,-0.03660000115633011,0.9757559895515442
1510504433.2979746,-0.006587999872863293,-0.03879600018262863,0.9750239849090576
1510504433.3150158,-0.0058559998869895935,-0.03440399840474129,0.9764879941940308
1510504433.3320544,-0.003659999929368496,-0.03660000115633011,0.9779520034790039
1510504433.352921,-0.005123999901115894,-0.03806399926543236,0.9757559895515442
1510504433.3699594,-0.003659999929368496,-0.03440399840474129,0.9794159531593323
1510504433.387,-0.004391999915242195,-0.03952799737453461,0.9750239849090576
1510504433.4040346,-0.004391999915242195,-0.0424560010433197,0.9772199988365173
1510504433.4210727,-0.010247999802231789,-0.03952799737453461,0.9764879941940308
1510504433.4381344,-0.004391999915242195,-0.03367199748754501,0.9786840081214905
1510504433.4551775,-0.003659999929368496,-0.03147599846124649,0.9764879941940308
1510504433.4722166,-0.003659999929368496,-0.03367199748754501,0.9750239849090576
1510504433.4892557,-0.003659999929368496,-0.03440399840474129,0.974291980266571
1510504433.5062993,-0.007319999858736992,-0.03660000115633011,0.9779520034790039
1510504433.5233347,-0.004391999915242195,-0.03660000115633011,0.9794159531593323
1510504433.5403965,-0.005123999901115894,-0.04025999829173088,0.9779520034790039
1510504433.5574472,-0.0029279999434947968,-0.03879600018262863,0.9801479578018188
1510504433.5744867,-0.005123999901115894,-0.03806399926543236,0.9779520034790039
1510504433.5915296,-0.005123999901115894,-0.035868000239133835,0.9823439717292786
1510504433.6085677,-0.003659999929368496,-0.030743999406695366,0.9764879941940308
1510504433.6256106,-0.0029279999434947968,-0.032207999378442764,0.9801479578018188
1510504433.6426768,-0.0029279999434947968,-0.03660000115633011,0.9808799624443054
1510504433.6597204,-0.003659999929368496,-0.03806399926543236,0.9830759763717651
1510504433.6767561,-0.004391999915242195,-0.04172400012612343,0.9794159531593323
1510504433.6938026,-0.006587999872863293,-0.03660000115633011,0.9794159531593323
1510504433.7108433,-0.003659999929368496,-0.03147599846124649,0.9772199988365173
1510504433.7316906,-0.003659999929368496,-0.037331998348236084,0.981611967086792
1510504433.7487628,-0.003659999929368496,-0.0424560010433197,0.9801479578018188
1510504433.7658083,-0.003659999929368496,-0.03806399926543236,0.9845399856567383
1510504433.782843,-0.004391999915242195,-0.032207999378442764,0.9830759763717651
1510504433.7998807,-0.003659999929368496,-0.03147599846124649,0.9830759763717651
1510504433.8169172,-0.003659999929368496,-0.03660000115633011,0.9764879941940308
1510504433.833953,-0.003659999929368496,-0.03879600018262863,0.9808799624443054
1510504433.8510194,-0.005123999901115894,-0.03806399926543236,0.9779520034790039
1510504433.8680692,-0.005123999901115894,-0.03660000115633011,0.9823439717292786
1510504433.885109,-0.003659999929368496,-0.03660000115633011,0.9801479578018188
1510504433.9021473,-0.006587999872863293,-0.03660000115633011,0.981611967086792
1510504433.919183,-0.0029279999434947968,-0.037331998348236084,0.9838079810142517
1510504433.936222,-0.003659999929368496,-0.03952799737453461,0.981611967086792
1510504433.9532838,-0.004391999915242195,-0.03660000115633011,0.9801479578018188
1510504433.9704716,-0.005123999901115894,-0.03294000029563904,0.9830759763717651
1510504433.9875226,-0.003659999929368496,-0.03660000115633011,0.9808799624443054
1510504434.0045629,-0.003659999929368496,-0.03513599932193756,0.9830759763717651
1510504434.0216467,-0.003659999929368496,-0.03660000115633011,0.9823439717292786
1510504434.038686,-0.0058559998869895935,-0.035868000239133835,0.981611967086792
1510504434.0557523,-0.004391999915242195,-0.04025999829173088,0.9860039949417114
1510504434.07279,-0.003659999929368496,-0.03513599932193756,0.9852719902992249
1510504434.0898354,-0.005123999901115894,-0.03440399840474129,0.9830759763717651
1510504434.1068795,-0.003659999929368496,-0.03294000029563904,0.9808799624443054
1510504434.1239123,-0.004391999915242195,-0.03147599846124649,0.9786840081214905
1510504434.144796,-0.003659999929368496,-0.04025999829173088,0.9845399856567383
1510504434.1618624,-0.0029279999434947968,-0.03952799737453461,0.9808799624443054
1510504434.1789043,-0.004391999915242195,-0.035868000239133835,0.9830759763717651
1510504434.1959467,-0.003659999929368496,-0.03367199748754501,0.9823439717292786
1510504434.214328,-0.005123999901115894,-0.03806399926543236,0.9823439717292786
1510504434.2313926,-0.004391999915242195,-0.04025999829173088,0.9845399856567383
1510504434.2484617,-0.004391999915242195,-0.03660000115633011,0.9830759763717651
1510504434.2655063,-0.004391999915242195,-0.03294000029563904,0.9838079810142517
1510504434.282542,-0.003659999929368496,-0.030743999406695366,0.9845399856567383
1510504434.2995842,-0.004391999915242195,-0.03513599932193756,0.9830759763717651
1510504434.3165383,-0.004391999915242195,-0.03879600018262863,0.9786840081214905
1510504434.3335757,-0.003659999929368496,-0.03806399926543236,0.9852719902992249
1510504434.3506382,-0.004391999915242195,-0.03440399840474129,0.9823439717292786
1510504434.367681,-0.004391999915242195,-0.032207999378442764,0.9874680042266846
1510504434.3847613,-0.004391999915242195,-0.03367199748754501,0.9830759763717651
1510504434.4017994,-0.006587999872863293,-0.03952799737453461,0.9838079810142517
1510504434.4188383,-0.004391999915242195,-0.03879600018262863,0.9830759763717651
1510504434.4358778,-0.005123999901115894,-0.03513599932193756,0.9823439717292786
1510504434.4529362,-0.003659999929368496,-0.03440399840474129,0.9845399856567383
1510504434.4699736,-0.003659999929368496,-0.037331998348236084,0.9845399856567383
1510504434.4870114,-0.003659999929368496,-0.03806399926543236,0.9794159531593323
1510504434.504047,-0.003659999929368496,-0.03660000115633011,0.9845399856567383
1510504434.521076,-0.0021959999576210976,-0.03147599846124649,0.9838079810142517
1510504434.5381148,-0.003659999929368496,-0.03367199748754501,0.9801479578018188
1510504434.5551767,-0.004391999915242195,-0.03952799737453461,0.986735999584198
1510504434.5722148,-0.0058559998869895935,-0.03806399926543236,0.9896639585494995
1510504434.58925,-0.003659999929368496,-0.03806399926543236,0.9852719902992249
1510504434.6062918,-0.0029279999434947968,-0.035868000239133835,0.9838079810142517
1510504434.623327,-0.004391999915242195,-0.03440399840474129,0.9845399856567383
1510504434.6441677,-0.004391999915242195,-0.04172400012612343,0.9838079810142517
1510504434.6612267,-0.0058559998869895935,-0.03294000029563904,0.9852719902992249
1510504434.678266,-0.0058559998869895935,-0.037331998348236084,0.9830759763717651
1510504434.695303,-0.004391999915242195,-0.037331998348236084,0.9845399856567383
1510504434.712336,-0.0029279999434947968,-0.03440399840474129,0.9823439717292786
1510504434.72937,-0.0029279999434947968,-0.04025999829173088,0.9838079810142517
1510504434.7464075,-0.003659999929368496,-0.037331998348236084,0.9860039949417114
1510504434.7634695,-0.004391999915242195,-0.03367199748754501,0.981611967086792
1510504434.780504,-0.0058559998869895935,-0.03367199748754501,0.9852719902992249
1510504434.7975392,-0.003659999929368496,-0.03879600018262863,0.9845399856567383
1510504434.8145719,-0.003659999929368496,-0.03806399926543236,0.9874680042266846
1510504434.8316057,-0.003659999929368496,-0.03879600018262863,0.9838079810142517
1510504434.848639,-0.003659999929368496,-0.035868000239133835,0.9838079810142517
1510504434.8657033,-0.004391999915242195,-0.03513599932193756,0.9852719902992249
1510504434.8827376,-0.0029279999434947968,-0.032207999378442764,0.9830759763717651
1510504434.8997774,-0.004391999915242195,-0.037331998348236084,0.9896639585494995
1510504434.9168174,-0.003659999929368496,-0.044652000069618225,0.9860039949417114
1510504434.9338474,-0.003659999929368496,-0.0424560010433197,0.9845399856567383
1510504434.9509246,-0.0029279999434947968,-0.032207999378442764,0.9845399856567383
1510504434.9680169,-0.003659999929368496,-0.02781599946320057,0.9852719902992249
1510504434.9850564,-0.003659999929368496,-0.03513599932193756,0.9772199988365173
1510504435.0020916,-0.003659999929368496,-0.040991999208927155,0.9903959631919861
1510504435.0229366,-0.007319999858736992,-0.03952799737453461,0.9918599724769592
1510504435.0399706,-0.00878399983048439,-0.025619998574256897,0.9794159531593323
1510504435.057027,-0.0058559998869895935,-0.024887999519705772,0.981611967086792
1510504435.0740614,-0.0029279999434947968,-0.03879600018262863,0.9933239817619324
1510504435.0910983,0.0014639999717473984,-0.04318799823522568,0.9852719902992249
1510504435.1081364,-0.003659999929368496,-0.0424560010433197,0.9838079810142517
1510504435.1251755,-0.006587999872863293,-0.035868000239133835,0.9838079810142517
1510504435.142207,-0.010979999788105488,-0.03001200035214424,0.9852719902992249
1510504435.1592624,-0.004391999915242195,-0.03147599846124649,0.9808799624443054
1510504435.1762962,-0.0021959999576210976,-0.03806399926543236,0.9882000088691711
1510504435.1933246,-0.0029279999434947968,-0.037331998348236084,0.9860039949417114
1510504435.210362,-0.004391999915242195,-0.03440399840474129,0.9852719902992249
1510504435.2274055,-0.007319999858736992,-0.03294000029563904,0.9838079810142517
1510504435.2444391,-0.006587999872863293,-0.037331998348236084,0.9852719902992249
1510504435.2614996,-0.003659999929368496,-0.03660000115633011,0.9823439717292786
1510504435.2785351,-0.003659999929368496,-0.035868000239133835,0.9860039949417114
1510504435.295571,-0.004391999915242195,-0.04025999829173088,0.986735999584198
1510504435.312602,-0.004391999915242195,-0.04391999915242195,0.9918599724769592
1510504435.3296337,-0.005123999901115894,-0.040991999208927155,0.9852719902992249
1510504435.3466754,-0.0058559998869895935,-0.032207999378442764,0.981611967086792
1510504435.3637285,-0.0029279999434947968,-0.02635199949145317,0.986735999584198
1510504435.3845642,-0.003659999929368496,-0.03147599846124649,0.9838079810142517
1510504435.4016426,-0.005123999901115894,-0.0453839972615242,0.9874680042266846
1510504435.4186776,-0.005123999901115894,-0.048312000930309296,0.9903959631919861
1510504435.435719,-0.005123999901115894,-0.037331998348236084,0.9845399856567383
1510504435.452754,-0.003659999929368496,-0.02781599946320057,0.9838079810142517
1510504435.4698198,-0.003659999929368496,-0.03147599846124649,0.9845399856567383
1510504435.4868627,-0.005123999901115894,-0.04025999829173088,0.9852719902992249
1510504435.5038955,-0.005123999901115894,-0.04172400012612343,0.9882000088691711
1510504435.5209284,-0.004391999915242195,-0.03879600018262863,0.9882000088691711
1510504435.5379612,-0.003659999929368496,-0.03806399926543236,0.986735999584198
1510504435.5550017,-0.0021959999576210976,-0.035868000239133835,0.9874680042266846
1510504435.572064,-0.005123999901115894,-0.03440399840474129,0.9838079810142517
1510504435.5892339,-0.0058559998869895935,-0.03660000115633011,0.9874680042266846
1510504435.60628,-0.004391999915242195,-0.03879600018262863,0.9860039949417114
1510504435.6233113,-0.003659999929368496,-0.03879600018262863,0.9860039949417114
1510504435.6403463,-0.0029279999434947968,-0.030743999406695366,0.9874680042266846
1510504435.657382,-0.004391999915242195,-0.027084000408649445,0.9860039949417114
1510504435.67466,-0.004391999915242195,-0.035868000239133835,0.9852719902992249
1510504435.7018816,-0.004391999915242195,-0.0424560010433197,0.9874680042266846
1510504435.718867,-0.0058559998869895935,-0.03879600018262863,0.9874680042266846
1510504435.735762,-0.0058559998869895935,-0.03440399840474129,0.9845399856567383
1510504435.7526526,-0.0058559998869895935,-0.032207999378442764,0.9838079810142517
1510504435.7695804,-0.0029279999434947968,-0.03440399840474129,0.9874680042266846
1510504435.7866285,-0.003659999929368496,-0.04391999915242195,0.981611967086792
1510504435.8036633,-0.003659999929368496,-0.037331998348236084,0.9860039949417114
1510504435.8207023,-0.006587999872863293,-0.028547998517751694,0.9808799624443054
1510504435.8377516,-0.005123999901115894,-0.029279999434947968,0.9918599724769592
1510504435.8548837,-0.0029279999434947968,-0.03806399926543236,0.9882000088691711
1510504435.8719854,-0.0029279999434947968,-0.04391999915242195,0.9874680042266846
1510504435.8890233,-0.0029279999434947968,-0.04025999829173088,0.9838079810142517
1510504435.9060633,-0.004391999915242195,-0.02781599946320057,0.9860039949417114
1510504435.9269056,-0.006587999872863293,-0.03294000029563904,0.9830759763717651
1510504435.9439354,-0.004391999915242195,-0.03952799737453461,0.9903959631919861
1510504435.9612596,-0.003659999929368496,-0.03513599932193756,0.9838079810142517
1510504435.9782863,-0.003659999929368496,-0.035868000239133835,0.986735999584198
1510504435.9953015,-0.004391999915242195,-0.04025999829173088,0.9874680042266846
1510504436.0123503,-0.004391999915242195,-0.035868000239133835,0.9860039949417114
1510504436.0293727,-0.004391999915242195,-0.03513599932193756,0.9874680042266846
1510504436.0463927,-0.004391999915242195,-0.03294000029563904,0.9845399856567383
1510504436.063408,-0.003659999929368496,-0.035868000239133835,0.9852719902992249
1510504436.0804567,-0.004391999915242195,-0.037331998348236084,0.9896639585494995
1510504436.0974662,-0.0029279999434947968,-0.035868000239133835,0.9830759763717651
1510504436.1144786,-0.003659999929368496,-0.03806399926543236,0.9860039949417114
1510504436.1314902,-0.003659999929368496,-0.03440399840474129,0.986735999584198
1510504436.1485035,-0.003659999929368496,-0.03294000029563904,0.9903959631919861
1510504436.1655705,-0.003659999929368496,-0.04025999829173088,0.9852719902992249
1510504436.1826086,-0.003659999929368496,-0.04318799823522568,0.9845399856567383
1510504436.1996183,-0.0058559998869895935,-0.03879600018262863,0.9852719902992249
1510504436.2166295,-0.005123999901115894,-0.03660000115633011,0.9845399856567383
1510504436.233635,-0.006587999872863293,-0.035868000239133835,0.9860039949417114
1510504436.2506428,0.003659999929368496,-0.037331998348236084,0.9845399856567383
1510504436.267676,-0.008051999844610691,-0.035868000239133835,0.9874680042266846
1510504436.284734,-0.005123999901115894,-0.030743999406695366,0.9852719902992249
1510504436.3055556,-0.004391999915242195,-0.037331998348236084,0.9794159531593323
1510504436.322565,-0.0058559998869895935,-0.04684799909591675,0.9911279678344727
1510504436.3395734,-0.0029279999434947968,-0.040991999208927155,0.9838079810142517
1510504436.35663,-0.0021959999576210976,-0.03879600018262863,0.9947879910469055
1510504436.3736675,-0.010247999802231789,-0.029279999434947968,0.9845399856567383
1510504436.3906834,-0.0058559998869895935,-0.023423999547958374,0.9823439717292786
1510504436.4076967,-0.0,-0.02635199949145317,0.9911279678344727
1510504436.4247408,-0.003659999929368496,-0.04318799823522568,0.9955199956893921
1510504436.4417517,-0.006587999872863293,-0.05270399898290634,0.9845399856567383
1510504436.4587648,-0.00951599981635809,-0.04025999829173088,0.9808799624443054
1510504436.4757965,-0.004391999915242195,-0.032207999378442764,0.9874680042266846
1510504436.4928095,-0.0021959999576210976,-0.03001200035214424,0.9918599724769592
1510504436.509855,-0.0007319999858736992,-0.03294000029563904,0.9801479578018188
1510504436.526874,-0.004391999915242195,-0.03367199748754501,0.9984479546546936
1510504436.543881,-0.010247999802231789,-0.04172400012612343,0.9808799624443054
1510504436.5608988,-0.010979999788105488,-0.0424560010433197,0.986735999584198
1510504436.5779347,-0.004391999915242195,-0.032207999378442764,0.9903959631919861
1510504436.59495,-0.0007319999858736992,-0.02635199949145317,0.9838079810142517
1510504436.6119583,-0.0021959999576210976,-0.040991999208927155,0.9874680042266846
1510504436.632771,-0.005123999901115894,-0.04684799909591675,0.9896639585494995
1510504436.649778,-0.00951599981635809,-0.029279999434947968,0.9838079810142517
1510504436.666793,-0.010247999802231789,-0.02122800052165985,0.9823439717292786
1510504436.6838202,-0.003659999929368496,-0.028547998517751694,0.9860039949417114
1510504436.7008333,-0.0007319999858736992,-0.04758000001311302,0.986735999584198
1510504436.7178447,-0.0029279999434947968,-0.05197199806571007,0.9882000088691711
1510504436.734899,-0.00878399983048439,-0.046115998178720474,0.9838079810142517
1510504436.7519126,-0.00878399983048439,-0.035868000239133835,0.9808799624443054
1510504436.7689266,-0.00951599981635809,-0.029279999434947968,0.9808799624443054
1510504436.785973,-0.003659999929368496,-0.029279999434947968,0.9977160096168518
1510504436.8029833,0.00951599981635809,-0.03806399926543236,0.9911279678344727
1510504436.8199942,-0.0029279999434947968,-0.0453839972615242,0.9911279678344727
1510504436.837012,-0.013175999745726585,-0.03660000115633011,0.9830759763717651
1510504436.8540223,-0.00951599981635809,-0.023423999547958374,0.9860039949417114
1510504436.8710568,-0.005123999901115894,-0.03294000029563904,0.9925919771194458
1510504436.8880723,-0.0021959999576210976,-0.05197199806571007,0.9830759763717651
1510504436.9050875,-0.0029279999434947968,-0.037331998348236084,0.9808799624443054
1510504436.9220977,-0.0029279999434947968,-0.021959999576210976,0.9903959631919861
1510504436.9391196,-0.0058559998869895935,-0.03367199748754501,0.9838079810142517
1510504436.9599328,-0.005123999901115894,-0.049775999039411545,0.9896639585494995
1510504436.9769797,-0.0021959999576210976,-0.03952799737453461,0.9889319539070129
1510504436.993989,-0.003659999929368496,-0.021959999576210976,0.9823439717292786
1510504437.0110085,-0.003659999929368496,-0.028547998517751694,0.9852719902992249
1510504437.02807,-0.007319999858736992,-0.04318799823522568,0.9889319539070129
1510504437.045084,-0.004391999915242195,-0.04684799909591675,0.9852719902992249
1510504437.0620964,-0.003659999929368496,-0.0453839972615242,0.986735999584198
1510504437.0791738,-0.004391999915242195,-0.025619998574256897,0.9845399856567383
1510504437.0962155,-0.0007319999858736992,-0.02122800052165985,0.9838079810142517
1510504437.1132538,-0.003659999929368496,-0.0424560010433197,0.9874680042266846
1510504437.1303058,-0.008051999844610691,-0.06002400070428848,0.9918599724769592
1510504437.1473572,-0.010247999802231789,-0.04391999915242195,0.986735999584198
1510504437.1643934,-0.008051999844610691,-0.023423999547958374,0.9801479578018188
1510504437.1814613,-0.0021959999576210976,-0.016103999689221382,0.9860039949417114
1510504437.1985044,0.0029279999434947968,-0.03952799737453461,0.9911279678344727
1510504437.2155614,-0.0058559998869895935,-0.06075599789619446,0.9911279678344727
1510504437.2325995,-0.014639999717473984,-0.03806399926543236,0.9882000088691711
1510504437.24964,-0.0058559998869895935,-0.018300000578165054,0.9845399856567383
1510504437.2666821,-0.0029279999434947968,-0.025619998574256897,0.9845399856567383
1510504437.283674,0.0007319999858736992,-0.04758000001311302,0.9903959631919861
1510504437.3007276,-0.003659999929368496,-0.04758000001311302,0.9860039949417114
1510504437.3177648,-0.010979999788105488,-0.03367199748754501,0.9845399856567383
1510504437.3386083,-0.013907999731600285,-0.02635199949145317,0.9794159531593323
1510504437.3556511,-0.003659999929368496,-0.035868000239133835,0.9925919771194458
1510504437.3726916,-0.0,-0.04758000001311302,0.9852719902992249
1510504437.3897493,-0.003659999929368496,-0.03879600018262863,0.9882000088691711
1510504437.4067883,-0.008051999844610691,-0.032207999378442764,0.9874680042266846
1510504437.4238243,-0.010979999788105488,-0.03806399926543236,0.9830759763717651
1510504437.4409802,-0.0029279999434947968,-0.03879600018262863,0.986735999584198
1510504437.457869,-0.0021959999576210976,-0.035868000239133835,0.9860039949417114
1510504437.4749246,-0.0029279999434947968,-0.03001200035214424,0.9823439717292786
1510504437.4919677,-0.00878399983048439,-0.03367199748754501,0.9852719902992249
1510504437.509006,-0.005123999901115894,-0.04318799823522568,0.986735999584198
1510504437.5260415,-0.003659999929368496,-0.046115998178720474,0.9889319539070129
1510504437.5430784,-0.0029279999434947968,-0.04172400012612343,0.9903959631919861
1510504437.5601153,-0.008051999844610691,-0.02781599946320057,0.9845399856567383
1510504437.5771532,-0.00951599981635809,-0.02635199949145317,0.9852719902992249
1510504437.594186,-0.006587999872863293,-0.037331998348236084,0.9860039949417114
1510504437.6112227,-0.003659999929368496,-0.04684799909591675,0.9852719902992249
1510504437.628261,-0.0029279999434947968,-0.0424560010433197,0.986735999584198
1510504437.6453009,-0.0058559998869895935,-0.03879600018262863,0.9838079810142517
1510504437.6623356,-0.0058559998869895935,-0.03147599846124649,0.9889319539070129
1510504437.6793005,-0.003659999929368496,-0.03513599932193756,0.9882000088691711
1510504437.700144,-0.0029279999434947968,-0.03806399926543236,0.9918599724769592
1510504437.7174752,-0.004391999915242195,-0.03367199748754501,0.986735999584198
1510504437.7345183,-0.007319999858736992,-0.032207999378442764,0.9860039949417114
1510504437.7515614,-0.007319999858736992,-0.03440399840474129,0.9860039949417114
1510504437.7686007,-0.0,-0.03806399926543236,0.9823439717292786
1510504437.785663,0.011711999773979187,-0.044652000069618225,0.9830759763717651
1510504437.8027027,-0.004391999915242195,-0.035868000239133835,0.9947879910469055
1510504437.8197381,-0.011711999773979187,-0.03001200035214424,0.9801479578018188
1510504437.836778,-0.010247999802231789,-0.024887999519705772,0.9882000088691711
1510504437.8538163,-0.005123999901115894,-0.03440399840474129,0.9882000088691711
1510504437.8708534,-0.0029279999434947968,-0.04758000001311302,0.9845399856567383
1510504437.8879147,-0.0029279999434947968,-0.03952799737453461,0.9860039949417114
1510504437.9049542,-0.005123999901115894,-0.029279999434947968,0.9830759763717651
1510504437.9219925,-0.0007319999858736992,-0.03367199748754501,0.9874680042266846
1510504437.9390323,-0.0029279999434947968,-0.04758000001311302,0.9874680042266846
1510504437.956071,-0.007319999858736992,-0.06002400070428848,0.9925919771194458
1510504437.9731128,-0.007319999858736992,-0.027084000408649445,0.9823439717292786
1510504437.990177,-0.004391999915242195,-0.005123999901115894,0.981611967086792
1510504438.0072193,-0.0029279999434947968,-0.02122800052165985,0.9860039949417114
1510504438.0242536,-0.0029279999434947968,-0.05563199892640114,0.9977160096168518
1510504438.0412912,-0.006587999872863293,-0.06734399497509003,0.9882000088691711
1510504438.0583274,-0.013175999745726585,-0.03440399840474129,0.981611967086792
1510504438.0753572,-0.003659999929368496,-0.016103999689221382,0.9808799624443054
1510504438.0962179,0.0021959999576210976,-0.04025999829173088,0.9889319539070129
1510504438.1132503,0.0007319999858736992,-0.06148799881339073,0.9889319539070129
1510504438.1302884,-0.012443999759852886,-0.046115998178720474,0.9845399856567383
1510504438.1473765,-0.024887999519705772,-0.012443999759852886,0.9852719902992249
1510504438.1644194,-0.010247999802231789,-0.004391999915242195,0.9808799624443054
1510504438.1814814,0.010979999788105488,-0.035868000239133835,0.9882000088691711
1510504438.1985195,0.0029279999434947968,-0.054899998009204865,0.9903959631919861
1510504438.2155619,-0.00951599981635809,-0.0651479959487915,0.9860039949417114
1510504438.2325983,-0.02781599946320057,-0.03660000115633011,0.9823439717292786
1510504438.2496316,-0.003659999929368496,-0.013907999731600285,0.9838079810142517
1510504438.2666736,0.010247999802231789,-0.035868000239133835,0.9903959631919861
1510504438.2837338,0.0058559998869895935,-0.054899998009204865,0.9838079810142517
1510504438.300771,-0.007319999858736992,-0.051239997148513794,0.9860039949417114
1510504438.317814,-0.029279999434947968,-0.04318799823522568,0.9860039949417114
1510504438.3348916,-0.01756799966096878,-0.03001200035214424,0.9845399856567383
1510504438.3519247,0.013175999745726585,-0.010979999788105488,0.9918599724769592
1510504438.3689642,0.021959999576210976,-0.025619998574256897,0.9860039949417114
1510504438.3860288,-0.0058559998869895935,-0.05416800081729889,0.9808799624443054
1510504438.4030719,-0.023423999547958374,-0.048312000930309296,0.9860039949417114
1510504438.420122,-0.024887999519705772,-0.03806399926543236,0.981611967086792
1510504438.4371593,0.0014639999717473984,-0.03147599846124649,0.9918599724769592
1510504438.4541998,0.015371999703347683,-0.03001200035214424,0.9896639585494995
1510504438.4750443,-0.0029279999434947968,-0.040991999208927155,0.9845399856567383
1510504438.4920816,-0.019763998687267303,-0.05050799995660782,0.9845399856567383
1510504438.5091612,-0.016103999689221382,-0.0424560010433197,0.9823439717292786
1510504438.5262027,-0.004391999915242195,-0.027084000408649445,0.9852719902992249
1510504438.5432365,0.005123999901115894,-0.01903199963271618,0.9933239817619324
1510504438.5602682,0.003659999929368496,-0.025619998574256897,0.9874680042266846
1510504438.577298,-0.00951599981635809,-0.037331998348236084,0.9911279678344727
1510504438.5943625,-0.019763998687267303,-0.05416800081729889,0.9918599724769592
1510504438.6114004,-0.013175999745726585,-0.049775999039411545,0.9852719902992249
1510504438.6284401,-0.0014639999717473984,-0.027084000408649445,0.9860039949417114
1510504438.6454875,0.0021959999576210976,-0.019763998687267303,0.9845399856567383
1510504438.6625226,0.0007319999858736992,-0.030743999406695366,0.9903959631919861
1510504438.6795604,-0.004391999915242195,-0.049775999039411545,0.9925919771194458
1510504438.6966195,-0.01756799966096878,-0.049775999039411545,0.9874680042266846
1510504438.7136526,-0.01756799966096878,-0.03879600018262863,0.981611967086792
1510504438.7306898,-0.0029279999434947968,-0.021959999576210976,0.9852719902992249
1510504438.747745,0.006587999872863293,-0.0226919986307621,0.9823439717292786
1510504438.764822,0.0014639999717473984,-0.044652000069618225,0.9874680042266846
1510504438.7818627,-0.006587999872863293,-0.05197199806571007,0.986735999584198
1510504438.798926,-0.016835998743772507,-0.04172400012612343,0.9860039949417114
1510504438.8159678,-0.011711999773979187,-0.027084000408649445,0.9838079810142517
1510504438.833004,-0.0029279999434947968,-0.024887999519705772,0.9874680042266846
1510504438.8538532,0.0021959999576210976,-0.03952799737453461,0.9874680042266846
1510504438.8708985,-0.0021959999576210976,-0.04318799823522568,0.9911279678344727
1510504438.8879375,-0.010979999788105488,-0.04318799823522568,0.9903959631919861
1510504438.9049842,-0.010979999788105488,-0.03660000115633011,0.9845399856567383
1510504438.922022,-0.0029279999434947968,-0.03147599846124649,0.9874680042266846
1510504438.9390614,-0.0014639999717473984,-0.03147599846124649,0.986735999584198
1510504438.956112,-0.003659999929368496,-0.037331998348236084,0.9874680042266846
1510504438.973149,-0.008051999844610691,-0.03806399926543236,0.9860039949417114
1510504438.9902112,-0.007319999858736992,-0.03952799737453461,0.986735999584198
1510504439.0072582,-0.0029279999434947968,-0.03660000115633011,0.9889319539070129
1510504439.0242958,-0.0021959999576210976,-0.03294000029563904,0.9845399856567383
1510504439.041335,-0.0021959999576210976,-0.03367199748754501,0.986735999584198
1510504439.0584064,-0.00878399983048439,-0.04172400012612343,0.9845399856567383
1510504439.075448,-0.008051999844610691,-0.046115998178720474,0.9882000088691711
1510504439.0925105,-0.003659999929368496,-0.03513599932193756,0.986735999584198
1510504439.1095328,0.0014639999717473984,-0.02781599946320057,0.9860039949417114
1510504439.1265318,-0.0029279999434947968,-0.035868000239133835,0.9845399856567383
1510504439.143574,-0.00878399983048439,-0.04391999915242195,0.9889319539070129
1510504439.1606095,-0.010247999802231789,-0.040991999208927155,0.9889319539070129
1510504439.1776488,-0.004391999915242195,-0.040991999208927155,0.9903959631919861
1510504439.1947467,-0.0007319999858736992,-0.03440399840474129,0.9889319539070129
1510504439.2117918,-0.0029279999434947968,-0.03294000029563904,0.986735999584198
1510504439.2326336,-0.004391999915242195,-0.03952799737453461,0.9860039949417114
1510504439.2496734,-0.006587999872863293,-0.03440399840474129,0.9896639585494995
1510504439.2667136,-0.003659999929368496,-0.037331998348236084,0.9874680042266846
1510504439.283757,-0.003659999929368496,-0.03440399840474129,0.9889319539070129
1510504439.3008206,-0.004391999915242195,-0.035868000239133835,0.9838079810142517
1510504439.3178651,-0.003659999929368496,-0.037331998348236084,0.986735999584198
1510504439.3349378,-0.004391999915242195,-0.03952799737453461,0.986735999584198
1510504439.3519762,-0.0029279999434947968,-0.03879600018262863,0.9882000088691711
1510504439.369018,-0.003659999929368496,-0.035868000239133835,0.986735999584198
1510504439.3860652,-0.004391999915242195,-0.029279999434947968,0.9823439717292786
1510504439.4031296,-0.0058559998869895935,-0.027084000408649445,0.9874680042266846
1510504439.4201736,-0.003659999929368496,-0.03660000115633011,0.9911279678344727
1510504439.4372172,-0.004391999915242195,-0.044652000069618225,0.9918599724769592
1510504439.4542534,-0.0021959999576210976,-0.046115998178720474,0.9874680042266846
1510504439.4715788,-0.0029279999434947968,-0.03513599932193756,0.9860039949417114
1510504439.4886286,-0.007319999858736992,-0.03001200035214424,0.986735999584198
1510504439.5057065,-0.0058559998869895935,-0.032207999378442764,0.9903959631919861
1510504439.5227518,-0.003659999929368496,-0.04172400012612343,0.9889319539070129
1510504439.5397885,-0.0029279999434947968,-0.046115998178720474,0.9852719902992249
1510504439.5568373,-0.0029279999434947968,-0.032207999378442764,0.986735999584198
1510504439.5738766,-0.003659999929368496,-0.025619998574256897,0.986735999584198
1510504439.5909576,-0.005123999901115894,-0.03513599932193756,0.9918599724769592
1510504439.6080298,-0.0058559998869895935,-0.04758000001311302,0.9889319539070129
1510504439.6250713,-0.0029279999434947968,-0.044652000069618225,0.9882000088691711
1510504439.6421092,-0.0021959999576210976,-0.032207999378442764,0.981611967086792
1510504439.6629608,-0.003659999929368496,-0.024887999519705772,0.9852719902992249
1510504439.6800022,-0.004391999915242195,-0.0424560010433197,0.9882000088691711
1510504439.6970665,-0.0058559998869895935,-0.04904399812221527,0.9918599724769592
1510504439.7141392,-0.003659999929368496,-0.04025999829173088,0.9889319539070129
1510504439.7311776,-0.0029279999434947968,-0.03001200035214424,0.9808799624443054
1510504439.7482193,-0.0029279999434947968,-0.029279999434947968,0.9874680042266846
1510504439.7652664,-0.00878399983048439,-0.03879600018262863,0.9889319539070129
1510504439.7823029,-0.008051999844610691,-0.0424560010433197,0.9882000088691711
1510504439.799369,-0.004391999915242195,-0.035868000239133835,0.9896639585494995
1510504439.8164098,-0.004391999915242195,-0.029279999434947968,0.9882000088691711
1510504439.833452,-0.0029279999434947968,-0.029279999434947968,0.9860039949417114
1510504439.8505008,-0.0021959999576210976,-0.03879600018262863,0.9896639585494995
1510504439.867541,-0.007319999858736992,-0.046115998178720474,0.986735999584198
1510504439.8845751,-0.0058559998869895935,-0.03806399926543236,0.9874680042266846
1510504439.9016395,-0.003659999929368496,-0.03513599932193756,0.9838079810142517
1510504439.918687,-0.0029279999434947968,-0.03440399840474129,0.986735999584198
1510504439.935728,-0.0029279999434947968,-0.03513599932193756,0.9860039949417114
1510504439.9527638,-0.0007319999858736992,-0.044652000069618225,0.9896639585494995
1510504439.9698427,-0.006587999872863293,-0.04025999829173088,0.986735999584198
1510504439.9868922,-0.005123999901115894,-0.032207999378442764,0.9852719902992249
1510504440.0039558,-0.0029279999434947968,-0.03440399840474129,0.9911279678344727
1510504440.0210028,-0.003659999929368496,-0.044652000069618225,0.9874680042266846
1510504440.0418496,-0.003659999929368496,-0.03879600018262863,0.9874680042266846
1510504440.0588992,-0.004391999915242195,-0.03440399840474129,0.986735999584198
1510504440.0759363,-0.003659999929368496,-0.03513599932193756,0.9860039949417114
1510504440.092972,-0.005123999901115894,-0.032207999378442764,0.9896639585494995
1510504440.1100366,-0.0021959999576210976,-0.03367199748754501,0.986735999584198
1510504440.127084,-0.0029279999434947968,-0.03660000115633011,0.9911279678344727
1510504440.1441183,-0.0021959999576210976,-0.03806399926543236,0.9882000088691711
1510504440.1611547,-0.004391999915242195,-0.03513599932193756,0.9852719902992249
1510504440.1782002,-0.007319999858736992,-0.037331998348236084,0.9896639585494995
1510504440.195237,-0.005123999901115894,-0.035868000239133835,0.9889319539070129
1510504440.2123022,-0.003659999929368496,-0.03879600018262863,0.9889319539070129
1510504440.2293398,-0.004391999915242195,-0.03513599932193756,0.9845399856567383
1510504440.2463856,-0.005123999901115894,-0.037331998348236084,0.9889319539070129
1510504440.2634258,-0.007319999858736992,-0.03513599932193756,0.9903959631919861
1510504440.280464,-0.004391999915242195,-0.032207999378442764,0.9830759763717651
1510504440.297497,-0.0021959999576210976,-0.04025999829173088,0.9903959631919861
1510504440.3144858,-0.003659999929368496,-0.04318799823522568,0.9874680042266846
1510504440.3315222,-0.004391999915242195,-0.040991999208927155,0.9860039949417114
1510504440.3485618,-0.0058559998869895935,-0.03001200035214424,0.9852719902992249
1510504440.3656037,-0.0058559998869895935,-0.03440399840474129,0.994055986404419
1510504440.3826358,-0.004391999915242195,-0.03294000029563904,0.9823439717292786
1510504440.403483,-0.004391999915242195,-0.028547998517751694,0.9933239817619324
1510504440.420541,-0.005123999901115894,-0.03367199748754501,0.9823439717292786
1510504440.437582,-0.008051999844610691,-0.03660000115633011,0.9889319539070129
1510504440.454614,-0.004391999915242195,-0.03147599846124649,0.9882000088691711
1510504440.4716852,-0.0029279999434947968,-0.0424560010433197,0.9860039949417114
1510504440.4887545,-0.0021959999576210976,-0.040991999208927155,0.9911279678344727
1510504440.5057945,-0.00878399983048439,-0.03660000115633011,0.9845399856567383
1510504440.5228543,-0.0058559998869895935,-0.03806399926543236,0.986735999584198
1510504440.5398912,-0.004391999915242195,-0.0424560010433197,0.986735999584198
1510504440.5569332,0.0021959999576210976,-0.03440399840474129,0.994055986404419
1510504440.573962,-0.004391999915242195,-0.03440399840474129,0.9838079810142517
1510504440.590998,-0.006587999872863293,-0.027084000408649445,0.9830759763717651
1510504440.608064,-0.0021959999576210976,-0.032207999378442764,0.9947879910469055
1510504440.625109,-0.004391999915242195,-0.044652000069618225,0.9896639585494995
1510504440.6421452,-0.003659999929368496,-0.05050799995660782,0.9882000088691711
1510504440.6591787,-0.0029279999434947968,-0.03147599846124649,0.9838079810142517
1510504440.6762226,-0.004391999915242195,-0.024887999519705772,0.9830759763717651
1510504440.6932673,-0.005123999901115894,-0.03440399840474129,0.9838079810142517
1510504440.7103245,-0.004391999915242195,-0.044652000069618225,0.9882000088691711
1510504440.7273693,-0.003659999929368496,-0.0424560010433197,0.9933239817619324
1510504440.7444017,-0.004391999915242195,-0.03367199748754501,0.9874680042266846
1510504440.7614367,-0.0029279999434947968,-0.029279999434947968,0.9918599724769592
1510504440.7784724,-0.003659999929368496,-0.03806399926543236,0.9838079810142517
1510504440.7993155,-0.004391999915242195,-0.0453839972615242,0.9933239817619324
1510504440.8163757,-0.006587999872863293,-0.03806399926543236,0.9882000088691711
1510504440.833412,-0.003659999929368496,-0.030743999406695366,0.9823439717292786
1510504440.8504505,-0.003659999929368496,-0.03367199748754501,0.9874680042266846
1510504440.8674917,-0.003659999929368496,-0.03440399840474129,0.9860039949417114
1510504440.8845234,-0.0014639999717473984,-0.04391999915242195,0.9999119639396667
1510504440.9015625,-0.00878399983048439,-0.04025999829173088,0.9779520034790039
1510504440.9186244,-0.00878399983048439,-0.03879600018262863,0.9947879910469055
1510504440.935662,-0.0007319999858736992,-0.024156000465154648,0.9860039949417114
1510504440.9527018,-0.0021959999576210976,-0.03952799737453461,0.9838079810142517
1510504440.9697356,-0.003659999929368496,-0.046115998178720474,0.9918599724769592
1510504440.986779,-0.013907999731600285,-0.0424560010433197,0.9903959631919861
1510504441.003811,-0.00878399983048439,-0.028547998517751694,0.9918599724769592
1510504441.020914,-0.0007319999858736992,-0.03367199748754501,0.9808799624443054
1510504441.0379586,0.004391999915242195,-0.03660000115633011,0.9999119639396667
1510504441.0549998,-0.004391999915242195,-0.04025999829173088,0.9786840081214905
1510504441.0720334,-0.010979999788105488,-0.04391999915242195,0.9962520003318787
1510504441.0890732,-0.0058559998869895935,-0.03147599846124649,0.9808799624443054
1510504441.106117,-0.0007319999858736992,-0.030743999406695366,0.9933239817619324
1510504441.1231859,-0.0007319999858736992,-0.04172400012612343,0.9860039949417114
1510504441.1402314,-0.005123999901115894,-0.0424560010433197,0.994055986404419
1510504441.1572793,-0.013175999745726585,-0.03513599932193756,0.986735999584198
1510504441.178126,-0.008051999844610691,-0.03513599932193756,0.9823439717292786
1510504441.195164,0.0029279999434947968,-0.035868000239133835,0.9947879910469055
1510504441.2124944,0.0029279999434947968,-0.032207999378442764,0.9838079810142517
1510504441.2295444,-0.004391999915242195,-0.03440399840474129,0.9925919771194458
1510504441.2465947,-0.016835998743772507,-0.035868000239133835,0.9882000088691711
1510504441.26363,-0.006587999872863293,-0.04318799823522568,0.9896639585494995
1510504441.2806659,-0.0021959999576210976,-0.0424560010433197,0.9896639585494995
1510504441.2977054,-0.0,-0.040991999208927155,0.9860039949417114
1510504441.3148117,-0.0029279999434947968,-0.02781599946320057,0.9874680042266846
1510504441.3318458,-0.006587999872863293,-0.03879600018262863,0.9794159531593323
1510504441.3488865,-0.00951599981635809,-0.03806399926543236,0.9918599724769592
1510504441.3659337,-0.0007319999858736992,-0.029279999434947968,0.9882000088691711
1510504441.3829703,-0.0,-0.040991999208927155,0.9882000088691711
1510504441.399999,-0.014639999717473984,-0.0453839972615242,0.9911279678344727
1510504441.4170547,-0.010247999802231789,-0.040991999208927155,0.9838079810142517
1510504441.434094,-0.0014639999717473984,-0.028547998517751694,0.9955199956893921
1510504441.4511497,-0.0021959999576210976,-0.03513599932193756,0.9786840081214905
1510504441.4681947,-0.005123999901115894,-0.03879600018262863,0.994055986404419
1510504441.4852304,-0.003659999929368496,-0.024156000465154648,0.9852719902992249
1510504441.5022662,-0.008051999844610691,-0.035868000239133835,0.9911279678344727
1510504441.5193288,-0.005123999901115894,-0.0424560010433197,0.9823439717292786
1510504441.5363712,-0.0007319999858736992,-0.03440399840474129,0.9889319539070129
1510504441.5534112,-0.0058559998869895935,-0.04025999829173088,0.9911279678344727
1510504441.5742557,-0.013175999745726585,-0.04025999829173088,0.9830759763717651
1510504441.5912976,-0.00878399983048439,-0.03001200035214424,0.9874680042266846
1510504441.6083398,-0.0,-0.029279999434947968,0.9852719902992249
1510504441.6253998,-0.0029279999434947968,-0.03952799737453461,0.9852719902992249
1510504441.6424406,-0.0029279999434947968,-0.03367199748754501,0.9918599724769592
1510504441.6595118,-0.007319999858736992,-0.035868000239133835,0.9874680042266846
1510504441.6765485,-0.010979999788105488,-0.04391999915242195,0.9903959631919861
1510504441.6935842,-0.003659999929368496,-0.0453839972615242,0.9911279678344727
1510504441.7106185,-0.0014639999717473984,-0.04025999829173088,0.9874680042266846
1510504441.727683,-0.003659999929368496,-0.037331998348236084,0.9882000088691711
1510504441.744777,-0.005123999901115894,-0.029279999434947968,0.9903959631919861
1510504441.7618186,-0.006587999872863293,-0.032207999378442764,0.986735999584198
1510504441.7788556,-0.0029279999434947968,-0.04391999915242195,0.9860039949417114
1510504441.7959325,-0.0058559998869895935,-0.03952799737453461,0.9925919771194458
1510504441.812968,-0.004391999915242195,-0.03367199748754501,0.981611967086792
1510504441.8300314,-0.004391999915242195,-0.030743999406695366,0.9911279678344727
1510504441.847074,-0.0021959999576210976,-0.03513599932193756,0.986735999584198
1510504441.8641155,-0.0021959999576210976,-0.046115998178720474,0.986735999584198
1510504441.8811538,-0.004391999915242195,-0.0424560010433197,0.9889319539070129
1510504441.898193,-0.010247999802231789,-0.03294000029563904,0.9838079810142517
1510504441.915231,-0.0058559998869895935,-0.02781599946320057,0.9882000088691711
1510504441.9322941,-0.003659999929368496,-0.037331998348236084,0.9896639585494995
1510504441.949335,-0.003659999929368496,-0.04318799823522568,0.9903959631919861
1510504441.9701786,-0.003659999929368496,-0.037331998348236084,0.9845399856567383
1510504441.987222,-0.005123999901115894,-0.032207999378442764,0.9852719902992249
1510504442.0042567,-0.0058559998869895935,-0.03660000115633011,0.986735999584198
1510504442.0212963,-0.0029279999434947968,-0.037331998348236084,0.9933239817619324
1510504442.0383637,-0.0021959999576210976,-0.03513599932193756,0.9889319539070129
1510504442.0554078,-0.0058559998869895935,-0.03660000115633011,0.9882000088691711
1510504442.0724397,-0.005123999901115894,-0.03806399926543236,0.9874680042266846
1510504442.0895035,-0.005123999901115894,-0.03879600018262863,0.9845399856567383
1510504442.1065454,-0.005123999901115894,-0.04025999829173088,0.9889319539070129
1510504442.1236017,-0.0029279999434947968,-0.03879600018262863,0.986735999584198
1510504442.140638,-0.0029279999434947968,-0.035868000239133835,0.9933239817619324
1510504442.1576807,-0.0058559998869895935,-0.03367199748754501,0.986735999584198
1510504442.1747663,-0.004391999915242195,-0.03952799737453461,0.994055986404419
1510504442.1918073,-0.0029279999434947968,-0.03879600018262863,0.9962520003318787
1510504442.208847,-0.003659999929368496,-0.03147599846124649,1.012355923652649
1510504442.2259176,-0.0058559998869895935,-0.03806399926543236,0.974291980266571
1510504442.242955,-0.010979999788105488,-0.04025999829173088,0.9684360027313232
1510504442.2599876,-0.004391999915242195,-0.03367199748754501,0.9603840112686157
1510504442.277031,0.016103999689221382,-0.029279999434947968,0.9918599724769592
1510504442.294067,-0.003659999929368496,-0.04391999915242195,1.0050359964370728
1510504442.311104,-0.020495999604463577,-0.048312000930309296,0.9874680042266846
1510504442.3281748,-0.012443999759852886,-0.03001200035214424,0.9786840081214905
1510504442.349022,-0.010247999802231789,-0.032207999378442764,0.9911279678344727
1510504442.3660681,0.005123999901115894,-0.024156000465154648,0.9874680042266846
1510504442.383102,0.010247999802231789,-0.029279999434947968,0.9896639585494995
1510504442.4001415,-0.006587999872863293,-0.032207999378442764,0.9830759763717651
1510504442.417181,-0.018300000578165054,-0.03952799737453461,1.006500005722046
1510504442.4342406,-0.007319999858736992,-0.05636399984359741,0.9823439717292786
1510504442.4512854,-0.006587999872863293,-0.04904399812221527,0.9918599724769592
1510504442.4683273,0.003659999929368496,-0.03513599932193756,0.9845399856567383
1510504442.4853687,0.003659999929368496,-0.021959999576210976,0.994055986404419
1510504442.5024056,-0.015371999703347683,-0.028547998517751694,0.9801479578018188
1510504442.519486,-0.0226919986307621,-0.046115998178720474,0.9969840049743652
1510504442.5365489,-0.005123999901115894,-0.0453839972615242,0.9962520003318787
1510504442.5535874,0.0029279999434947968,-0.03879600018262863,0.9962520003318787
1510504442.5706258,0.003659999929368496,-0.03001200035214424,0.994055986404419
1510504442.5876698,-0.004391999915242195,-0.03440399840474129,1.0094280242919922
1510504442.6047456,-0.019763998687267303,-0.046115998178720474,1.0116239786148071
1510504442.6217868,-0.013907999731600285,-0.04904399812221527,1.007964015007019
1510504442.6388495,-0.0007319999858736992,-0.035868000239133835,1.012355923652649
1510504442.655928,-0.0007319999858736992,-0.03513599932193756,0.9991799592971802
1510504442.6729677,-0.0029279999434947968,-0.03952799737453461,1.0035719871520996
1510504442.6900096,-0.004391999915242195,-0.03367199748754501,1.0057679414749146
1510504442.7070541,-0.008051999844610691,-0.037331998348236084,0.9962520003318787
1510504442.7258186,-0.010247999802231789,-0.03806399926543236,1.0021079778671265
1510504442.7428265,-0.0021959999576210976,-0.03952799737453461,0.9977160096168518
1510504442.7597754,-0.0021959999576210976,-0.03952799737453461,1.0057679414749146
1510504442.776818,-0.0058559998869895935,-0.04684799909591675,1.0028399229049683
1510504442.7938564,-0.007319999858736992,-0.03440399840474129,1.0013760328292847
1510504442.8109033,-0.003659999929368496,-0.03294000029563904,0.9962520003318787
1510504442.827945,-0.0029279999434947968,-0.03952799737453461,0.9933239817619324
1510504442.8450205,-0.0014639999717473984,-0.03879600018262863,1.0013760328292847
1510504442.8620594,-0.004391999915242195,-0.03879600018262863,0.9969840049743652
1510504442.8791068,-0.005123999901115894,-0.03660000115633011,1.0086959600448608
1510504442.8999493,-0.006587999872863293,-0.03952799737453461,1.0116239786148071
1510504442.9169946,-0.0058559998869895935,-0.04318799823522568,1.010159969329834
1510504442.9340541,-0.003659999929368496,-0.035868000239133835,1.013819932937622
1510504442.9510944,-0.0021959999576210976,-0.03660000115633011,1.012355923652649
1510504442.9684591,-0.003659999929368496,-0.03440399840474129,1.012355923652649
1510504442.985507,-0.006587999872863293,-0.037331998348236084,1.010159969329834
1510504443.0025568,-0.0058559998869895935,-0.048312000930309296,1.0167479515075684
1510504443.019607,-0.005123999901115894,-0.04172400012612343,1.0116239786148071
1510504443.036679,-0.006587999872863293,-0.037331998348236084,1.0152839422225952
1510504443.053724,-0.0029279999434947968,-0.029279999434947968,1.013819932937622
1510504443.0707636,-0.003659999929368496,-0.03952799737453461,1.013819932937622
1510504443.0878015,-0.004391999915242195,-0.04391999915242195,1.0116239786148071
1510504443.1048837,-0.003659999929368496,-0.03440399840474129,1.0145519971847534
1510504443.1219242,-0.0058559998869895935,-0.03294000029563904,1.010159969329834
1510504443.1389859,-0.003659999929368496,-0.035868000239133835,1.010159969329834
1510504443.1560276,-0.003659999929368496,-0.03513599932193756,1.0130879878997803
1510504443.1730645,-0.006587999872863293,-0.04172400012612343,1.0116239786148071
1510504443.190106,-0.004391999915242195,-0.03879600018262863,1.010159969329834
1510504443.2071486,-0.004391999915242195,-0.037331998348236084,1.020408034324646
1510504443.2241848,-0.004391999915242195,-0.040991999208927155,1.0167479515075684
1510504443.2412453,-0.005123999901115894,-0.048312000930309296,1.0160160064697266
1510504443.2582915,-0.003659999929368496,-0.04025999829173088,1.0167479515075684
1510504443.2752483,-0.005123999901115894,-0.03440399840474129,1.0247999429702759
1510504443.2922873,-0.005123999901115894,-0.035868000239133835,1.0196759700775146
1510504443.3131263,-0.003659999929368496,-0.0424560010433197,1.026263952255249
1510504443.3301938,-0.0029279999434947968,-0.0453839972615242,1.0160160064697266
1510504443.3472643,-0.004391999915242195,-0.03952799737453461,1.0196759700775146
1510504443.3643067,-0.003659999929368496,-0.035868000239133835,1.0255320072174072
1510504443.3813446,-0.007319999858736992,-0.03660000115633011,1.024067997932434
1510504443.3983865,-0.005123999901115894,-0.04025999829173088,1.0335839986801147
1510504443.415431,-0.0029279999434947968,-0.040991999208927155,1.0255320072174072
1510504443.4324646,-0.0021959999576210976,-0.04025999829173088,1.0291919708251953
1510504443.4495268,-0.004391999915242195,-0.037331998348236084,1.020408034324646
1510504443.4665704,-0.0058559998869895935,-0.03440399840474129,1.0211399793624878
1510504443.4836063,-0.003659999929368496,-0.03952799737453461,1.020408034324646
1510504443.500642,-0.006587999872863293,-0.03879600018262863,1.0233359336853027
1510504443.517683,-0.0029279999434947968,-0.040991999208927155,1.0306559801101685
1510504443.5347595,-0.004391999915242195,-0.04172400012612343,1.0255320072174072
1510504443.551824,-0.003659999929368496,-0.03952799737453461,1.0189440250396729
1510504443.5688603,-0.004391999915242195,-0.035868000239133835,1.0182119607925415
1510504443.5859349,-0.003659999929368496,-0.03367199748754501,1.0284600257873535
1510504443.6029704,-0.003659999929368496,-0.037331998348236084,1.0328519344329834
1510504443.620007,-0.003659999929368496,-0.03879600018262863,1.0328519344329834
1510504443.6370466,-0.0058559998869895935,-0.04758000001311302,1.0233359336853027
1510504443.6541128,-0.003659999929368496,-0.04025999829173088,1.0321199893951416
1510504443.6711488,-0.004391999915242195,-0.03001200035214424,1.0284600257873535
1510504443.691997,-0.0029279999434947968,-0.03294000029563904,1.0357799530029297
1510504443.7090333,-0.003659999929368496,-0.0453839972615242,1.0313879251480103
1510504443.7260752,-0.006587999872863293,-0.04318799823522568,1.0284600257873535
1510504443.7431066,-0.003659999929368496,-0.03806399926543236,1.0299240350723267
1510504443.7602031,-0.003659999929368496,-0.03440399840474129,1.040903925895691
1510504443.7772403,-0.0029279999434947968,-0.04172400012612343,1.0343159437179565
1510504443.7942765,-0.005123999901115894,-0.03513599932193756,1.0321199893951416
1510504443.81131,-0.004391999915242195,-0.04318799823522568,1.0372439622879028
1510504443.8283432,-0.007319999858736992,-0.037331998348236084,1.035048007965088
1510504443.8454092,-0.005123999901115894,-0.04172400012612343,1.0321199893951416
1510504443.8624425,-0.0029279999434947968,-0.0424560010433197,1.0328519344329834
1510504443.8795142,-0.004391999915242195,-0.035868000239133835,1.0335839986801147
1510504443.8965495,-0.003659999929368496,-0.035868000239133835,1.035048007965088
1510504443.9135826,-0.008051999844610691,-0.0424560010433197,1.0401719808578491
1510504443.9306166,-0.003659999929368496,-0.04172400012612343,1.042367935180664
1510504443.947681,-0.003659999929368496,-0.03952799737453461,1.0335839986801147
1510504443.9647532,-0.004391999915242195,-0.037331998348236084,1.0372439622879028
1510504443.9817953,-0.0029279999434947968,-0.03879600018262863,1.042367935180664
1510504443.99883,-0.0029279999434947968,-0.040991999208927155,1.0343159437179565
1510504444.0158699,-0.007319999858736992,-0.03806399926543236,1.0430999994277954
1510504444.0329049,-0.0058559998869895935,-0.03367199748754501,1.0482239723205566
1510504444.049964,-0.0029279999434947968,-0.04318799823522568,1.0379760265350342
1510504444.0708065,-0.005123999901115894,-0.04318799823522568,1.042367935180664
1510504444.0878444,-0.007319999858736992,-0.03440399840474129,1.040903925895691
1510504444.104927,-0.004391999915242195,-0.03513599932193756,1.035048007965088
1510504444.1219661,-0.0058559998869895935,-0.04025999829173088,1.0445640087127686
1510504444.139006,-0.004391999915242195,-0.04172400012612343,1.0379760265350342
1510504444.155984,-0.003659999929368496,-0.040991999208927155,1.0357799530029297
1510504444.1730552,-0.005123999901115894,-0.04318799823522568,1.0430999994277954
1510504444.1900928,-0.004391999915242195,-0.03660000115633011,1.0379760265350342
1510504444.2071362,-0.003659999929368496,-0.03440399840474129,1.0401719808578491
1510504444.224169,-0.006587999872863293,-0.04025999829173088,1.0357799530029297
1510504444.2412064,-0.005123999901115894,-0.03879600018262863,1.048956036567688
1510504444.2582746,-0.004391999915242195,-0.03660000115633011,1.0313879251480103
1510504444.2753208,-0.00951599981635809,-0.0424560010433197,1.040903925895691
1510504444.2923512,-0.0021959999576210976,-0.03952799737453461,1.0394400358200073
1510504444.3093872,-0.0029279999434947968,-0.04172400012612343,1.0460280179977417
1510504444.3264232,-0.004391999915242195,-0.03806399926543236,1.038707971572876
1510504444.3434515,-0.007319999858736992,-0.03367199748754501,1.0379760265350342
1510504444.3605115,-0.003659999929368496,-0.04025999829173088,1.040903925895691
1510504444.377551,-0.004391999915242195,-0.0453839972615242,1.0394400358200073
1510504444.3945863,-0.003659999929368496,-0.03879600018262863,1.0445640087127686
1510504444.4116545,-0.007319999858736992,-0.04025999829173088,1.036512017250061
1510504444.4286923,-0.004391999915242195,-0.03879600018262863,1.0401719808578491
1510504444.4495316,-0.006587999872863293,-0.03879600018262863,1.036512017250061
1510504444.466601,-0.0029279999434947968,-0.04025999829173088,1.038707971572876
1510504444.4836378,-0.007319999858736992,-0.040991999208927155,1.035048007965088
1510504444.5006738,-0.0029279999434947968,-0.03513599932193756,1.0401719808578491
1510504444.5177138,-0.00878399983048439,-0.03879600018262863,1.0394400358200073
1510504444.5347955,-0.0021959999576210976,-0.04172400012612343,1.036512017250061
1510504444.5518303,-0.006587999872863293,-0.04684799909591675,1.0401719808578491
1510504444.568894,-0.003659999929368496,-0.035868000239133835,1.042367935180664
1510504444.5859356,-0.006587999872863293,-0.03879600018262863,1.0343159437179565
1510504444.6029675,-0.0058559998869895935,-0.04172400012612343,1.042367935180664
1510504444.6200013,-0.007319999858736992,-0.04318799823522568,1.035048007965088
1510504444.6370409,-0.0029279999434947968,-0.04391999915242195,1.054811954498291
1510504444.6540995,-0.007319999858736992,-0.040991999208927155,1.035048007965088
1510504444.6711397,-0.003659999929368496,-0.04172400012612343,1.0335839986801147
1510504444.6881783,-0.010979999788105488,-0.0453839972615242,1.0416359901428223
1510504444.7052128,-0.0029279999434947968,-0.04391999915242195,1.0357799530029297
1510504444.7225204,-0.010979999788105488,-0.049775999039411545,1.0445640087127686
1510504444.7395713,-0.003659999929368496,-0.03513599932193756,1.0357799530029297
1510504444.7566788,-0.005123999901115894,-0.04318799823522568,1.0321199893951416
1510504444.7737198,-0.0058559998869895935,-0.040991999208927155,1.0460280179977417
1510504444.7907584,-0.003659999929368496,-0.037331998348236084,1.036512017250061
1510504444.807798,-0.007319999858736992,-0.044652000069618225,1.0343159437179565
1510504444.824881,-0.008051999844610691,-0.03806399926543236,1.042367935180664
1510504444.8419168,0.0014639999717473984,-0.03147599846124649,1.0599359273910522
1510504444.8627894,0.0029279999434947968,-0.028547998517751694,1.0247999429702759
1510504444.8798456,-0.008051999844610691,-0.03367199748754501,1.0182119607925415
1510504444.8968823,-0.012443999759852886,-0.0424560010433197,1.0496879816055298
1510504444.9139163,-0.005123999901115894,-0.04318799823522568,1.048956036567688
1510504444.93095,-0.00951599981635809,-0.044652000069618225,1.0050359964370728
1510504444.9479828,-0.0029279999434947968,-0.0453839972615242,1.038707971572876
1510504444.9650543,-0.0021959999576210976,-0.04904399812221527,1.0357799530029297
1510504444.982089,-0.004391999915242195,-0.05270399898290634,1.0189440250396729
1510504444.9991586,-0.016835998743772507,-0.03952799737453461,1.007964015007019
1510504445.0161934,-0.0058559998869895935,-0.03952799737453461,1.0321199893951416
1510504445.0332253,-0.0014639999717473984,-0.04172400012612343,1.0218719244003296
1510504445.0502634,-0.0029279999434947968,-0.037331998348236084,1.0130879878997803
1510504445.0673368,-0.006587999872863293,-0.027084000408649445,1.0050359964370728
1510504445.0843725,-0.018300000578165054,-0.029279999434947968,1.0255320072174072
1510504445.1014123,-0.011711999773979187,-0.04172400012612343,1.0152839422225952
1510504445.118448,-0.004391999915242195,-0.04391999915242195,1.0211399793624878
1510504445.13549,0.0007319999858736992,-0.04318799823522568,0.9838079810142517
1510504445.1525257,0.00878399983048439,-0.03952799737453461,1.020408034324646
1510504445.1695886,-0.0014639999717473984,-0.04318799823522568,1.0291919708251953
1510504445.1866374,-0.007319999858736992,-0.040991999208927155,1.0028399229049683
1510504445.203671,-0.021959999576210976,-0.03147599846124649,0.9779520034790039
1510504445.2207072,-0.012443999759852886,-0.03294000029563904,1.0057679414749146
1510504445.2415438,-0.0,-0.035868000239133835,1.0218719244003296
1510504445.2585716,-0.003659999929368496,-0.03879600018262863,1.013819932937622
1510504445.27564,-0.011711999773979187,-0.044652000069618225,1.0028399229049683
1510504445.2926779,-0.010979999788105488,-0.03952799737453461,1.0006439685821533
1510504445.309723,-0.0014639999717473984,-0.03513599932193756,0.9969840049743652
1510504445.3267608,0.0014639999717473984,-0.03440399840474129,0.986735999584198
1510504445.3438058,-0.004391999915242195,-0.03806399926543236,1.006500005722046
1510504445.3608613,-0.008051999844610691,-0.04684799909591675,1.0072319507598877
1510504445.3778942,-0.00951599981635809,-0.044652000069618225,0.9779520034790039
1510504445.3949356,-0.015371999703347683,-0.04172400012612343,0.9728279709815979
1510504445.4119668,-0.0029279999434947968,-0.02781599946320057,1.0021079778671265
1510504445.4290035,0.0029279999434947968,-0.02781599946320057,1.0043039321899414
1510504445.446047,-0.013175999745726585,-0.03952799737453461,0.9823439717292786
1510504445.4631057,-0.016835998743772507,-0.04318799823522568,0.9801479578018188
1510504445.480143,-0.00951599981635809,-0.037331998348236084,0.9969840049743652
1510504445.4971738,0.0029279999434947968,-0.029279999434947968,0.9735599756240845
1510504445.5142045,0.0014639999717473984,-0.029279999434947968,0.9735599756240845
1510504445.5312662,-0.003659999929368496,-0.03952799737453461,0.9933239817619324
1510504445.5483065,-0.008051999844610691,-0.05782799795269966,0.9999119639396667
1510504445.565371,-0.012443999759852886,-0.04684799909591675,0.9852719902992249
1510504445.5824077,-0.00951599981635809,-0.023423999547958374,0.9691680073738098
1510504445.599491,-0.004391999915242195,-0.023423999547958374,0.9918599724769592
1510504445.6203382,-0.0,-0.032207999378442764,1.007964015007019
1510504445.637375,-0.003659999929368496,-0.04684799909591675,0.9977160096168518
1510504445.6544104,-0.013907999731600285,-0.044652000069618225,0.9852719902992249
1510504445.671477,-0.00878399983048439,-0.03147599846124649,0.9882000088691711
1510504445.6885166,-0.0021959999576210976,-0.037331998348236084,0.9750239849090576
1510504445.7055666,-0.0014639999717473984,-0.04391999915242195,0.9750239849090576
1510504445.7226012,-0.0021959999576210976,-0.046115998178720474,0.9947879910469055
1510504445.7396421,-0.005123999901115894,-0.044652000069618225,1.0130879878997803
1510504445.7566855,-0.008051999844610691,-0.035868000239133835,0.9882000088691711
1510504445.7737486,-0.016103999689221382,-0.03294000029563904,0.9684360027313232
1510504445.7907884,-0.016835998743772507,-0.029279999434947968,0.9860039949417114
1510504445.8078277,-0.0058559998869895935,-0.03660000115633011,0.9947879910469055
1510504445.8249009,-0.0058559998869895935,-0.03513599932193756,0.9874680042266846
1510504445.8419409,-0.0058559998869895935,-0.03294000029563904,0.9874680042266846
1510504445.8589814,-0.0021959999576210976,-0.03147599846124649,0.9991799592971802
1510504445.876054,-0.0029279999434947968,-0.03513599932193756,0.974291980266571
1510504445.8930917,-0.010979999788105488,-0.03440399840474129,0.9691680073738098
1510504445.9101276,-0.013175999745726585,-0.04025999829173088,0.9918599724769592
1510504445.927165,-0.004391999915242195,-0.044652000069618225,1.0035719871520996
1510504445.944201,-0.0021959999576210976,-0.04172400012612343,0.994055986404419
1510504445.9612665,-0.007319999858736992,-0.030743999406695366,0.9728279709815979
1510504445.978313,-0.007319999858736992,-0.04391999915242195,0.9874680042266846
1510504445.9991233,-0.003659999929368496,-0.03879600018262863,0.9984479546546936
1510504446.0161393,-0.0029279999434947968,-0.03879600018262863,0.9845399856567383
1510504446.0331502,-0.003659999929368496,-0.03660000115633011,0.9845399856567383
1510504446.050175,-0.0058559998869895935,-0.03440399840474129,0.9911279678344727
1510504446.0671957,-0.003659999929368496,-0.03513599932193756,0.9882000088691711
1510504446.0842319,-0.00951599981635809,-0.03367199748754501,0.9720959663391113
1510504446.1012824,-0.01756799966096878,-0.030743999406695366,0.9911279678344727
1510504446.118304,-0.0021959999576210976,-0.03513599932193756,1.0086959600448608
1510504446.1353133,-0.0029279999434947968,-0.03879600018262863,0.9999119639396667
1510504446.152329,-0.011711999773979187,-0.04318799823522568,0.9677039980888367
1510504446.1693704,-0.012443999759852886,-0.03952799737453461,0.9750239849090576
1510504446.1863956,-0.003659999929368496,-0.04025999829173088,0.994055986404419
1510504446.2034082,-0.0,-0.03147599846124649,0.9911279678344727
1510504446.2204134,-0.004391999915242195,-0.032207999378442764,0.9830759763717651
1510504446.2374299,-0.0058559998869895935,-0.03879600018262863,0.9977160096168518
1510504446.2544801,-0.00878399983048439,-0.044652000069618225,0.9984479546546936
1510504446.2715204,-0.00878399983048439,-0.035868000239133835,0.9728279709815979
1510504446.288536,-0.010979999788105488,-0.037331998348236084,0.9823439717292786
1510504446.3055549,-0.0021959999576210976,-0.03147599846124649,1.0050359964370728
1510504446.3225658,-0.0,-0.032207999378442764,1.0028399229049683
1510504446.3434162,-0.005123999901115894,-0.04318799823522568,0.9662399888038635
1510504446.3604305,-0.016835998743772507,-0.044652000069618225,0.974291980266571
1510504446.377468,-0.007319999858736992,-0.035868000239133835,0.9955199956893921
1510504446.3944812,-0.0014639999717473984,-0.03294000029563904,0.9947879910469055
1510504446.4115064,-0.003659999929368496,-0.03513599932193756,0.9830759763717651
1510504446.4285188,-0.008051999844610691,-0.03806399926543236,0.9977160096168518
1510504446.4455452,-0.004391999915242195,-0.04318799823522568,0.9984479546546936
1510504446.462557,-0.006587999872863293,-0.0424560010433197,0.9801479578018188
1510504446.4798882,-0.00951599981635809,-0.030743999406695366,0.9772199988365173
1510504446.4969184,-0.0029279999434947968,-0.037331998348236084,1.0013760328292847
1510504446.5139313,-0.0007319999858736992,-0.03806399926543236,1.0057679414749146
1510504446.530951,-0.003659999929368496,-0.03513599932193756,0.9698999524116516
1510504446.5479708,-0.013175999745726585,-0.037331998348236084,0.9691680073738098
1510504446.5649955,-0.007319999858736992,-0.0424560010433197,0.994055986404419
1510504446.5820332,-0.0029279999434947968,-0.04172400012612343,0.9933239817619324
1510504446.5990443,-0.003659999929368496,-0.035868000239133835,0.9838079810142517
1510504446.6160567,-0.007319999858736992,-0.035868000239133835,0.9962520003318787
1510504446.6330693,-0.003659999929368496,-0.03879600018262863,0.9947879910469055
1510504446.6500819,-0.0058559998869895935,-0.03294000029563904,0.9830759763717651
1510504446.6671038,-0.008051999844610691,-0.03513599932193756,0.9706319570541382
1510504446.6841407,-0.004391999915242195,-0.040991999208927155,0.9955199956893921
1510504446.7049615,0.0014639999717473984,-0.03513599932193756,1.007964015007019
1510504446.7219732,-0.005123999901115894,-0.03879600018262863,0.9735599756240845
1510504446.7389824,-0.01756799966096878,-0.03952799737453461,0.9684360027313232
1510504446.7559981,-0.008051999844610691,-0.04172400012612343,0.9969840049743652
1510504446.7730517,-0.0029279999434947968,-0.040991999208927155,0.9925919771194458
1510504446.7900953,-0.003659999929368496,-0.03660000115633011,0.9933239817619324
1510504446.8071132,-0.0014639999717473984,-0.03294000029563904,0.9903959631919861
1510504446.824126,-0.0029279999434947968,-0.04025999829173088,1.0072319507598877
1510504446.8411403,-0.0058559998869895935,-0.04318799823522568,0.9713639616966248
1510504446.8581595,-0.018300000578165054,-0.04025999829173088,0.9640439748764038
1510504446.875232,-0.010247999802231789,-0.03660000115633011,0.9947879910469055
1510504446.892242,-0.0021959999576210976,-0.037331998348236084,1.0145519971847534
1510504446.9092577,-0.0007319999858736992,-0.029279999434947968,0.9830759763717651
1510504446.9262836,-0.00878399983048439,-0.03440399840474129,0.9684360027313232
1510504446.9432943,-0.008051999844610691,-0.03513599932193756,0.9903959631919861
1510504446.9603024,-0.006587999872863293,-0.035868000239133835,0.9925919771194458
1510504446.9773786,-0.004391999915242195,-0.035868000239133835,0.9889319539070129
1510504446.9944909,-0.0058559998869895935,-0.040991999208927155,1.0006439685821533
1510504447.0115132,-0.003659999929368496,-0.03952799737453461,0.9984479546546936
1510504447.0285265,-0.0029279999434947968,-0.04025999829173088,0.9860039949417114
1510504447.0493407,-0.00878399983048439,-0.03294000029563904,0.9669719934463501
1510504447.0663693,-0.008051999844610691,-0.03147599846124649,0.9830759763717651
1510504447.0834363,-0.0021959999576210976,-0.037331998348236084,1.0152839422225952
1510504447.100478,-0.0021959999576210976,-0.04025999829173088,0.986735999584198
1510504447.117519,-0.010979999788105488,-0.03367199748754501,0.9735599756240845
1510504447.1345587,-0.00878399983048439,-0.03660000115633011,0.9882000088691711
1510504447.1516433,-0.003659999929368496,-0.040991999208927155,0.9925919771194458
1510504447.168682,-0.004391999915242195,-0.040991999208927155,0.9874680042266846
1510504447.1857436,-0.006587999872863293,-0.03513599932193756,0.9947879910469055
1510504447.2027874,-0.004391999915242195,-0.03806399926543236,1.0013760328292847
1510504447.2198312,-0.0058559998869895935,-0.03440399840474129,0.9889319539070129
1510504447.236875,-0.010979999788105488,-0.03147599846124649,0.9508680105209351
1510504447.2539108,-0.00951599981635809,-0.046115998178720474,0.9838079810142517
1510504447.270949,-0.0021959999576210976,-0.040991999208927155,1.0116239786148071
1510504447.288077,0.0007319999858736992,-0.03806399926543236,0.9984479546546936
1510504447.3051233,-0.012443999759852886,-0.02781599946320057,0.9772199988365173
1510504447.3221557,-0.015371999703347683,-0.03952799737453461,0.9838079810142517
1510504447.339189,-0.003659999929368496,-0.048312000930309296,0.9925919771194458
1510504447.3562326,-0.0021959999576210976,-0.04318799823522568,0.9860039949417114
1510504447.3732657,-0.004391999915242195,-0.03147599846124649,0.994055986404419
1510504447.3903258,-0.004391999915242195,-0.023423999547958374,0.9999119639396667
1510504447.4073782,-0.003659999929368496,-0.03294000029563904,0.9860039949417114
1510504447.4282198,-0.010247999802231789,-0.054899998009204865,0.9574559926986694
1510504447.445255,-0.010979999788105488,-0.04684799909591675,0.9830759763717651
1510504447.4622896,-0.005123999901115894,-0.03001200035214424,1.0130879878997803
1510504447.4793222,-0.0029279999434947968,-0.03147599846124649,0.9991799592971802
1510504447.496388,-0.004391999915242195,-0.040991999208927155,0.9801479578018188
1510504447.5134232,-0.008051999844610691,-0.03806399926543236,0.9823439717292786
1510504447.5304596,-0.0021959999576210976,-0.04391999915242195,0.9896639585494995
1510504447.5475059,-0.005123999901115894,-0.035868000239133835,0.9794159531593323
1510504447.5645425,-0.00878399983048439,-0.03147599846124649,0.994055986404419
1510504447.581603,-0.0029279999434947968,-0.03513599932193756,0.9999119639396667
1510504447.5986426,-0.0021959999576210976,-0.03952799737453461,0.9962520003318787
1510504447.6156843,-0.007319999858736992,-0.03513599932193756,0.9625799655914307
1510504447.632715,-0.010979999788105488,-0.03806399926543236,0.9720959663391113
1510504447.6497502,-0.004391999915242195,-0.04025999829173088,1.0130879878997803
1510504447.6667945,-0.0,-0.03952799737453461,1.0108920335769653
1510504447.68385,-0.0021959999576210976,-0.04025999829173088,0.9830759763717651
1510504447.700899,-0.010979999788105488,-0.03660000115633011,0.9779520034790039
1510504447.7179372,-0.003659999929368496,-0.03952799737453461,0.9838079810142517
1510504447.734979,-0.005123999901115894,-0.04025999829173088,0.974291980266571
1510504447.7519667,-0.010979999788105488,-0.037331998348236084,0.9852719902992249
1510504447.7689793,-0.0014639999717473984,-0.032207999378442764,1.0043039321899414
1510504447.7898502,0.0014639999717473984,-0.030743999406695366,1.007964015007019
1510504447.806899,-0.006587999872863293,-0.044652000069618225,0.95306396484375
1510504447.823931,-0.01756799966096878,-0.04391999915242195,0.9698999524116516
1510504447.8409765,-0.004391999915242195,-0.037331998348236084,1.012355923652649
1510504447.8580465,0.0007319999858736992,-0.03806399926543236,1.007964015007019
1510504447.8750908,-0.004391999915242195,-0.04025999829173088,0.9794159531593323
1510504447.8921492,-0.010979999788105488,-0.03513599932193756,0.9713639616966248
1510504447.9091837,-0.004391999915242195,-0.04318799823522568,0.9874680042266846
1510504447.9262276,-0.004391999915242195,-0.0424560010433197,0.9764879941940308
1510504447.9432623,-0.007319999858736992,-0.028547998517751694,0.9808799624443054
1510504447.9603002,-0.003659999929368496,-0.030743999406695366,1.0130879878997803
1510504447.9773397,-0.0,-0.04318799823522568,1.007964015007019
1510504447.9943943,-0.005123999901115894,-0.044652000069618225,0.9698999524116516
1510504448.0114348,-0.011711999773979187,-0.03440399840474129,0.9757559895515442
1510504448.0284739,-0.012443999759852886,-0.03952799737453461,1.0072319507598877
1510504448.0455208,-0.0029279999434947968,-0.03440399840474129,1.0072319507598877
1510504448.0625582,-0.0021959999576210976,-0.03513599932193756,0.9801479578018188
1510504448.0795972,-0.005123999901115894,-0.03879600018262863,0.9786840081214905
1510504448.0966582,-0.005123999901115894,-0.03952799737453461,0.981611967086792
1510504448.1136913,-0.005123999901115894,-0.03879600018262863,0.9838079810142517
1510504448.1307268,-0.00951599981635809,-0.03440399840474129,0.9823439717292786
1510504448.1477664,-0.006587999872863293,-0.037331998348236084,1.0094280242919922
1510504448.1686058,0.0014639999717473984,-0.030743999406695366,1.010159969329834
1510504448.185648,-0.004391999915242195,-0.03806399926543236,0.9691680073738098
1510504448.202708,-0.013907999731600285,-0.03952799737453461,0.9611159563064575
1510504448.219746,-0.00878399983048439,-0.03367199748754501,0.9999119639396667
1510504448.2370565,-0.003659999929368496,-0.03513599932193756,1.0130879878997803
1510504448.2541528,-0.004391999915242195,-0.03660000115633011,0.9860039949417114
1510504448.271204,-0.0058559998869895935,-0.03001200035214424,0.9823439717292786
1510504448.2882707,-0.003659999929368496,-0.03806399926543236,0.9830759763717651
1510504448.3053136,-0.0021959999576210976,-0.04684799909591675,0.9874680042266846
1510504448.3223515,-0.005123999901115894,-0.044652000069618225,0.9684360027313232
1510504448.3393884,-0.00951599981635809,-0.0453839972615242,1.0072319507598877
1510504448.356431,-0.003659999929368496,-0.03367199748754501,1.012355923652649
1510504448.3734655,-0.0058559998869895935,-0.04025999829173088,0.9823439717292786
1510504448.390529,-0.010247999802231789,-0.03879600018262863,0.9640439748764038
1510504448.4075654,-0.005123999901115894,-0.03440399840474129,0.994055986404419
1510504448.4246006,0.0021959999576210976,-0.024887999519705772,1.0057679414749146
1510504448.4416723,-0.0014639999717473984,-0.03147599846124649,0.9896639585494995
1510504448.4587188,-0.004391999915242195,-0.027084000408649445,0.981611967086792
1510504448.4757667,-0.008051999844610691,-0.040991999208927155,0.986735999584198
1510504448.4928296,-0.006587999872863293,-0.05050799995660782,0.9889319539070129
1510504448.5098717,-0.008051999844610691,-0.04025999829173088,0.9860039949417114
1510504448.5269194,-0.003659999929368496,-0.03367199748754501,1.0021079778671265
1510504448.543956,-0.0021959999576210976,-0.03952799737453461,1.010159969329834
1510504448.5609963,-0.003659999929368496,-0.040991999208927155,0.9757559895515442
1510504448.5818465,-0.007319999858736992,-0.035868000239133835,0.9647759795188904
1510504448.5989144,-0.0058559998869895935,-0.03001200035214424,0.9823439717292786
1510504448.6159573,-0.0007319999858736992,-0.030743999406695366,1.007964015007019
1510504448.632947,-0.0,-0.03806399926543236,1.0021079778671265
1510504448.6501267,-0.00878399983048439,-0.03952799737453461,0.9860039949417114
1510504448.6672044,-0.00951599981635809,-0.03879600018262863,0.9860039949417114
1510504448.6842475,-0.007319999858736992,-0.035868000239133835,0.9933239817619324
1510504448.7013211,-0.005123999901115894,-0.03440399840474129,0.9823439717292786
1510504448.718363,-0.003659999929368496,-0.03513599932193756,0.9962520003318787
1510504448.7354097,-0.0014639999717473984,-0.040991999208927155,1.0094280242919922
1510504448.7524538,-0.003659999929368496,-0.04318799823522568,0.9882000088691711
1510504448.7694967,-0.004391999915242195,-0.03147599846124649,0.9662399888038635
1510504448.786541,-0.011711999773979187,-0.03513599932193756,0.9794159531593323
1510504448.8036044,-0.004391999915242195,-0.03660000115633011,0.994055986404419
1510504448.820644,-0.0029279999434947968,-0.03952799737453461,1.0035719871520996
1510504448.837689,-0.006587999872863293,-0.040991999208927155,0.9838079810142517
1510504448.8547664,-0.006587999872863293,-0.040991999208927155,0.9933239817619324
1510504448.8718052,-0.0029279999434947968,-0.03660000115633011,0.9933239817619324
1510504448.8888447,-0.0058559998869895935,-0.030743999406695366,0.9735599756240845
1510504448.9059155,-0.003659999929368496,-0.03879600018262863,0.9845399856567383
1510504448.922954,-0.003659999929368496,-0.04172400012612343,1.0116239786148071
1510504448.9399946,-0.0014639999717473984,-0.03879600018262863,0.9903959631919861
1510504448.9570463,-0.00951599981635809,-0.03440399840474129,0.9706319570541382
1510504448.974085,-0.010979999788105488,-0.03294000029563904,0.9728279709815979
1510504448.9949324,-0.0029279999434947968,-0.03513599932193756,0.9977160096168518
1510504449.011996,-0.0021959999576210976,-0.0424560010433197,1.0050359964370728
1510504449.0290341,-0.003659999929368496,-0.04025999829173088,0.9903959631919861
1510504449.046076,-0.00878399983048439,-0.03660000115633011,0.994055986404419
1510504449.0631096,-0.008051999844610691,-0.037331998348236084,0.9911279678344727
1510504449.0801528,-0.005123999901115894,-0.03879600018262863,0.9713639616966248
1510504449.0972126,-0.006587999872863293,-0.04025999829173088,0.9801479578018188
1510504449.1142492,-0.0021959999576210976,-0.0453839972615242,1.012355923652649
1510504449.1312919,-0.0021959999576210976,-0.040991999208927155,0.9925919771194458
1510504449.1483405,-0.0029279999434947968,-0.023423999547958374,0.9720959663391113
1510504449.1653807,-0.012443999759852886,-0.02781599946320057,0.9684360027313232
1510504449.1824176,-0.005123999901115894,-0.0424560010433197,1.0013760328292847
1510504449.1993759,-0.0029279999434947968,-0.03879600018262863,0.9933239817619324
1510504449.2164176,-0.005123999901115894,-0.04025999829173088,0.9933239817619324
1510504449.233455,-0.004391999915242195,-0.035868000239133835,0.9911279678344727
1510504449.250493,-0.0029279999434947968,-0.03440399840474129,0.9999119639396667
1510504449.267538,-0.003659999929368496,-0.03440399840474129,0.9698999524116516
1510504449.284572,-0.00951599981635809,-0.0424560010433197,0.9764879941940308
1510504449.301643,-0.00878399983048439,-0.044652000069618225,1.0057679414749146
1510504449.318681,-0.0014639999717473984,-0.035868000239133835,1.0116239786148071
1510504449.3357267,-0.003659999929368496,-0.024887999519705772,0.9794159531593323
1510504449.3565753,-0.006587999872863293,-0.037331998348236084,0.965507984161377
1510504449.3736115,-0.008051999844610691,-0.040991999208927155,0.9911279678344727
1510504449.3906503,-0.00951599981635809,-0.04758000001311302,1.0050359964370728
1510504449.4077752,-0.00878399983048439,-0.04025999829173088,0.9860039949417114
1510504449.4248478,-0.005123999901115894,-0.03294000029563904,0.9903959631919861
1510504449.4418824,-0.004391999915242195,-0.02781599946320057,0.9896639585494995
1510504449.4589183,-0.003659999929368496,-0.040991999208927155,0.9706319570541382
1510504449.4759607,-0.00951599981635809,-0.03660000115633011,0.974291980266571
1510504449.4929962,-0.007319999858736992,-0.04025999829173088,1.0072319507598877
1510504449.5100605,0.0029279999434947968,-0.03513599932193756,1.0028399229049683
1510504449.5271044,-0.003659999929368496,-0.029279999434947968,0.981611967086792
1510504449.5441394,-0.011711999773979187,-0.03660000115633011,0.9728279709815979
1510504449.5611749,-0.0058559998869895935,-0.035868000239133835,0.986735999584198
1510504449.5782113,-0.003659999929368496,-0.03806399926543236,1.0028399229049683
1510504449.5952494,-0.004391999915242195,-0.040991999208927155,0.9911279678344727
1510504449.6123521,-0.0029279999434947968,-0.03001200035214424,0.9925919771194458
1510504449.629389,-0.003659999929368496,-0.032207999378442764,0.9925919771194458
1510504449.6464307,-0.003659999929368496,-0.04025999829173088,0.9735599756240845
1510504449.6634638,-0.003659999929368496,-0.03513599932193756,0.9720959663391113
1510504449.6805022,-0.003659999929368496,-0.04318799823522568,0.9984479546546936
1510504449.6975405,-0.0014639999717473984,-0.04391999915242195,1.0057679414749146
1510504449.7146053,-0.003659999929368496,-0.037331998348236084,0.9977160096168518
1510504449.7316964,-0.013175999745726585,-0.03513599932193756,0.9647759795188904
1510504449.7525377,-0.016103999689221382,-0.03660000115633011,0.986735999584198
1510504449.769591,-0.0,-0.035868000239133835,1.0028399229049683
1510504449.7866344,-0.0014639999717473984,-0.03440399840474129,0.9918599724769592
1510504449.8036761,-0.005123999901115894,-0.03147599846124649,0.9852719902992249
1510504449.8207417,-0.0058559998869895935,-0.029279999434947968,0.9889319539070129
1510504449.8377872,-0.007319999858736992,-0.03952799737453461,0.981611967086792
1510504449.854898,-0.016103999689221382,-0.04025999829173088,0.9684360027313232
1510504449.8719313,-0.005123999901115894,-0.035868000239133835,0.9999119639396667
1510504449.88898,-0.0007319999858736992,-0.04025999829173088,1.0108920335769653
1510504449.9060504,-0.0021959999576210976,-0.03513599932193756,0.9977160096168518
1510504449.923089,-0.008051999844610691,-0.032207999378442764,0.9647759795188904
1510504449.9401262,-0.007319999858736992,-0.04318799823522568,0.9852719902992249
1510504449.9571755,-0.004391999915242195,-0.0453839972615242,0.9903959631919861
1510504449.9742084,-0.003659999929368496,-0.03879600018262863,0.9838079810142517
1510504449.9921048,-0.0029279999434947968,-0.03001200035214424,0.9860039949417114
1510504450.0091958,-0.0021959999576210976,-0.03294000029563904,1.0035719871520996
1510504450.0262485,-0.0029279999434947968,-0.03806399926543236,0.9713639616966248
1510504450.0432856,-0.010247999802231789,-0.040991999208927155,0.9713639616966248
1510504450.060325,-0.0058559998869895935,-0.028547998517751694,0.994055986404419
1510504450.077366,0.0014639999717473984,-0.03513599932193756,1.0152839422225952
1510504450.0944083,-0.0007319999858736992,-0.04684799909591675,1.0035719871520996
1510504450.1114717,-0.011711999773979187,-0.04318799823522568,0.9728279709815979
1510504450.1285114,-0.013175999745726585,-0.03294000029563904,0.9728279709815979
1510504450.1455653,-0.0058559998869895935,-0.03001200035214424,0.9962520003318787
1510504450.1626022,-0.0029279999434947968,-0.029279999434947968,0.9838079810142517
1510504450.1796386,-0.0,-0.03660000115633011,0.9955199956893921
1510504450.1966705,-0.003659999929368496,-0.04758000001311302,0.9977160096168518
1510504450.2175324,-0.005123999901115894,-0.03952799737453461,0.9772199988365173
1510504450.2345715,-0.011711999773979187,-0.03294000029563904,0.9669719934463501
1510504450.2516165,-0.006587999872863293,-0.03367199748754501,0.9947879910469055
1510504450.268656,-0.0,-0.044652000069618225,1.0160160064697266
1510504450.285692,-0.0021959999576210976,-0.044652000069618225,1.0021079778671265
1510504450.302727,-0.012443999759852886,-0.037331998348236084,0.9618479609489441
1510504450.319792,-0.012443999759852886,-0.02781599946320057,0.9735599756240845
1510504450.3368306,-0.003659999929368496,-0.02781599946320057,0.9991799592971802
1510504450.3538702,0.0007319999858736992,-0.03440399840474129,0.9889319539070129
1510504450.3709564,-0.004391999915242195,-0.04391999915242195,0.9874680042266846
1510504450.3880239,-0.0058559998869895935,-0.046115998178720474,1.0043039321899414
1510504450.4050715,-0.007319999858736992,-0.03660000115633011,0.9860039949417114
1510504450.4221354,-0.007319999858736992,-0.0226919986307621,0.9662399888038635
1510504450.4391723,-0.005123999901115894,-0.025619998574256897,0.9772199988365173
1510504450.4562025,-0.0,-0.03879600018262863,1.0108920335769653
1510504450.473225,-0.0029279999434947968,-0.04758000001311302,1.0028399229049683
1510504450.4902613,-0.00951599981635809,-0.04025999829173088,0.9669719934463501
1510504450.5073004,-0.012443999759852886,-0.030743999406695366,0.9684360027313232
1510504450.5243604,-0.0029279999434947968,-0.032207999378442764,0.9918599724769592
1510504450.5413985,-0.0014639999717473984,-0.03294000029563904,0.9889319539070129
1510504450.55844,-0.004391999915242195,-0.03660000115633011,0.9925919771194458
1510504450.5754776,-0.0058559998869895935,-0.04684799909591675,1.0057679414749146
1510504450.5925255,-0.003659999929368496,-0.04318799823522568,0.9962520003318787
1510504450.6133962,-0.004391999915242195,-0.037331998348236084,0.9750239849090576
1510504450.630436,-0.007319999858736992,-0.03367199748754501,0.9786840081214905
1510504450.6474783,-0.003659999929368496,-0.03513599932193756,1.0072319507598877
1510504450.6645162,-0.0021959999576210976,-0.0424560010433197,1.007964015007019
1510504450.681549,-0.0058559998869895935,-0.04025999829173088,0.9662399888038635
1510504450.6985846,-0.011711999773979187,-0.03147599846124649,0.9720959663391113
1510504450.715654,-0.003659999929368496,-0.03513599932193756,0.9955199956893921
1510504450.7326896,-0.003659999929368496,-0.03879600018262863,0.9969840049743652
1510504450.7497256,-0.010979999788105488,-0.04025999829173088,0.9889319539070129
1510504450.7667685,-0.0058559998869895935,-0.046115998178720474,1.0094280242919922
1510504450.7838054,-0.003659999929368496,-0.04172400012612343,0.9918599724769592
1510504450.8008447,-0.004391999915242195,-0.03440399840474129,0.9662399888038635
1510504450.8179016,-0.008051999844610691,-0.028547998517751694,0.9691680073738098
1510504450.8349485,-0.005123999901115894,-0.04025999829173088,0.9947879910469055
1510504450.8519838,0.0007319999858736992,-0.037331998348236084,1.0057679414749146
1510504450.8690224,-0.005123999901115894,-0.03147599846124649,0.981611967086792
1510504450.8860648,-0.007319999858736992,-0.03660000115633011,0.974291980266571
1510504450.903099,-0.011711999773979187,-0.040991999208927155,0.9955199956893921
1510504450.9201615,-0.004391999915242195,-0.03806399926543236,0.9911279678344727
1510504450.9371974,-0.003659999929368496,-0.03440399840474129,0.9955199956893921
1510504450.9542289,-0.0021959999576210976,-0.03440399840474129,1.0021079778671265
1510504450.9713435,-0.0014639999717473984,-0.03660000115633011,0.9911279678344727
1510504450.992192,-0.008051999844610691,-0.04391999915242195,0.9713639616966248
1510504451.0092325,-0.013907999731600285,-0.03879600018262863,0.9728279709815979
1510504451.0263057,-0.003659999929368496,-0.03440399840474129,0.9984479546546936
1510504451.0433445,0.0007319999858736992,-0.03367199748754501,1.010159969329834
1510504451.060384,-0.003659999929368496,-0.04025999829173088,0.974291980266571
1510504451.0774245,-0.008051999844610691,-0.040991999208927155,0.9823439717292786
1510504451.094497,-0.00951599981635809,-0.037331998348236084,0.9933239817619324
1510504451.1115377,-0.003659999929368496,-0.03367199748754501,0.9984479546546936
1510504451.1286037,-0.0029279999434947968,-0.032207999378442764,0.9903959631919861
1510504451.1456523,-0.004391999915242195,-0.03294000029563904,0.9984479546546936
1510504451.16269,-0.0029279999434947968,-0.037331998348236084,0.9918599724769592
1510504451.1797323,-0.004391999915242195,-0.035868000239133835,0.9757559895515442
1510504451.1967788,-0.010979999788105488,-0.032207999378442764,0.9713639616966248
1510504451.2138176,-0.005123999901115894,-0.03660000115633011,0.9918599724769592
1510504451.2309244,-0.0021959999576210976,-0.03294000029563904,1.0028399229049683
1510504451.2479663,-0.0029279999434947968,-0.03513599932193756,0.9735599756240845
1510504451.2650137,-0.013907999731600285,-0.035868000239133835,0.9860039949417114
1510504451.2820501,-0.00951599981635809,-0.03879600018262863,0.9955199956893921
1510504451.2991252,-0.004391999915242195,-0.03879600018262863,0.9969840049743652
1510504451.316169,-0.005123999901115894,-0.04391999915242195,0.9823439717292786
1510504451.3332314,-0.005123999901115894,-0.040991999208927155,0.9933239817619324
1510504451.35027,0.0021959999576210976,-0.046115998178720474,0.9962520003318787
1510504451.3673153,-0.0021959999576210976,-0.03367199748754501,0.9720959663391113
1510504451.388158,-0.011711999773979187,-0.03294000029563904,0.9603840112686157
1510504451.40521,-0.010247999802231789,-0.035868000239133835,1.0013760328292847
1510504451.4222486,-0.0021959999576210976,-0.04025999829173088,1.0218719244003296
1510504451.439327,-0.0029279999434947968,-0.03952799737453461,0.9911279678344727
1510504451.4563658,-0.0021959999576210976,-0.03440399840474129,0.9720959663391113
1510504451.473409,-0.0058559998869895935,-0.03001200035214424,0.994055986404419
1510504451.490448,-0.003659999929368496,-0.03513599932193756,0.9947879910469055
1510504451.5074914,-0.003659999929368496,-0.04172400012612343,0.9794159531593323
1510504451.5245547,-0.010247999802231789,-0.037331998348236084,0.9830759763717651
1510504451.541642,-0.0029279999434947968,-0.03367199748754501,0.9903959631919861
1510504451.5586853,-0.0029279999434947968,-0.03001200035214424,0.9838079810142517
1510504451.575724,-0.011711999773979187,-0.03440399840474129,0.9559919834136963
1510504451.5927563,-0.013907999731600285,-0.04758000001311302,0.9962520003318787
1510504451.6097987,-0.003659999929368496,-0.05270399898290634,1.0233359336853027
1510504451.6268725,-0.0021959999576210976,-0.040991999208927155,0.9977160096168518
1510504451.6439128,-0.004391999915242195,-0.02781599946320057,0.9713639616966248
1510504451.6609519,-0.008051999844610691,-0.03147599846124649,0.9823439717292786
1510504451.678024,-0.004391999915242195,-0.03879600018262863,0.9735599756240845
1510504451.6950717,-0.006587999872863293,-0.04025999829173088,0.974291980266571
1510504451.712108,-0.008051999844610691,-0.04025999829173088,0.9860039949417114
1510504451.7291656,-0.0029279999434947968,-0.03879600018262863,0.9874680042266846
1510504451.7464828,0.0007319999858736992,-0.028547998517751694,0.9764879941940308
1510504451.763533,-0.004391999915242195,-0.027084000408649445,0.9567239880561829
1510504451.7805731,-0.00878399983048439,-0.03294000029563904,0.9757559895515442
1510504451.801411,-0.0029279999434947968,-0.03294000029563904,0.994055986404419
1510504451.818459,-0.0029279999434947968,-0.032207999378442764,0.9669719934463501
1510504451.8355367,-0.0058559998869895935,-0.03806399926543236,0.9596520066261292
1510504451.85258,-0.007319999858736992,-0.02781599946320057,0.9611159563064575
1510504451.8696167,-0.0029279999434947968,-0.03806399926543236,0.9559919834136963
1510504451.886659,-0.006587999872863293,-0.0453839972615242,0.9552599787712097
1510504451.9036994,-0.0058559998869895935,-0.04025999829173088,0.9640439748764038
1510504451.9207392,-0.0021959999576210976,-0.04172400012612343,0.9728279709815979
1510504451.9378028,-0.0029279999434947968,-0.03294000029563904,0.9464759826660156
1510504451.954888,-0.00878399983048439,-0.03001200035214424,0.9362279772758484
1510504451.9719238,-0.004391999915242195,-0.03513599932193756,0.9720959663391113
1510504451.9889603,-0.0,-0.035868000239133835,0.9764879941940308
1510504452.0059986,-0.0058559998869895935,-0.03879600018262863,0.9413520097732544
1510504452.0230427,-0.010247999802231789,-0.03147599846124649,0.9340319633483887
1510504452.040112,-0.005123999901115894,-0.028547998517751694,0.9750239849090576
1510504452.0571535,-0.0021959999576210976,-0.032207999378442764,0.9501360058784485
1510504452.0741928,-0.005123999901115894,-0.032207999378442764,0.9450119733810425
1510504452.091272,-0.005123999901115894,-0.03806399926543236,0.9384239912033081
1510504452.1083133,-0.0029279999434947968,-0.03952799737453461,0.9479399919509888
1510504452.1253552,-0.0014639999717473984,-0.03294000029563904,0.9589200019836426
1510504452.1424212,-0.003659999929368496,-0.03367199748754501,0.9435479640960693
1510504452.1594682,-0.011711999773979187,-0.03879600018262863,0.9230519533157349
1510504452.1803095,-0.007319999858736992,-0.037331998348236084,0.9486719965934753
1510504452.1973562,-0.0029279999434947968,-0.03440399840474129,0.9515999555587769
1510504452.2143953,-0.004391999915242195,-0.037331998348236084,0.9259799718856812
1510504452.2314339,-0.0058559998869895935,-0.035868000239133835,0.9274439811706543
1510504452.2484748,-0.004391999915242195,-0.030743999406695366,0.9398880004882812
1510504452.2655194,-0.003659999929368496,-0.03440399840474129,0.9311040043830872
1510504452.2825663,-0.003659999929368496,-0.029279999434947968,0.9215880036354065
1510504452.2996068,-0.005123999901115894,-0.035868000239133835,0.9340319633483887
1510504452.3166468,-0.005123999901115894,-0.03806399926543236,0.9281759858131409
1510504452.3337107,-0.003659999929368496,-0.03367199748754501,0.9230519533157349
1510504452.3507526,-0.008051999844610691,-0.03440399840474129,0.9384239912033081
1510504452.3677895,-0.0014639999717473984,-0.03294000029563904,0.9215880036354065
1510504452.3849068,-0.004391999915242195,-0.03513599932193756,0.9193919897079468
1510504452.4019537,-0.003659999929368496,-0.03660000115633011,0.9267119765281677
1510504452.418993,-0.0021959999576210976,-0.032207999378442764,0.9289079904556274
1510504452.4360285,-0.00878399983048439,-0.032207999378442764,0.9201239943504333
1510504452.4530628,-0.003659999929368496,-0.03001200035214424,0.9193919897079468
1510504452.4700978,-0.006587999872863293,-0.03879600018262863,0.9215880036354065
1510504452.4871378,-0.0029279999434947968,-0.029279999434947968,0.9223200082778931
1510504452.5041747,-0.005123999901115894,-0.03513599932193756,0.9362279772758484
1510504452.5212097,-0.0021959999576210976,-0.03660000115633011,0.9164639711380005
1510504452.538272,-0.004391999915242195,-0.03001200035214424,0.9193919897079468
1510504452.5591075,-0.0058559998869895935,-0.03513599932193756,0.9259799718856812
1510504452.576142,-0.003659999929368496,-0.03294000029563904,0.9281759858131409
1510504452.593175,-0.003659999929368496,-0.03367199748754501,0.9398880004882812
1510504452.610214,-0.0058559998869895935,-0.03440399840474129,0.8996279835700989
1510504452.6272535,-0.00878399983048439,-0.03294000029563904,0.9486719965934753
1510504452.6443155,-0.0007319999858736992,-0.040991999208927155,0.8996279835700989
1510504452.661365,-0.0058559998869895935,-0.03294000029563904,0.9574559926986694
1510504452.678434,-0.003659999929368496,-0.032207999378442764,0.8996279835700989
1510504452.6954725,-0.006587999872863293,-0.030743999406695366,0.9347639679908752
1510504452.7125046,-0.0029279999434947968,-0.03001200035214424,0.9179279804229736
1510504452.7295446,-0.008051999844610691,-0.03952799737453461,0.9201239943504333
1510504452.7466094,-0.0007319999858736992,-0.030743999406695366,0.9428159594535828
1510504452.7636487,-0.005123999901115894,-0.03147599846124649,0.901091992855072
1510504452.7806852,-0.004391999915242195,-0.03147599846124649,0.945743978023529
1510504452.7976398,-0.0058559998869895935,-0.03879600018262863,0.8966999650001526
1510504452.8147864,-0.003659999929368496,-0.029279999434947968,0.9545279741287231
1510504452.8318713,-0.004391999915242195,-0.03660000115633011,0.8988959789276123
1510504452.8489683,-0.0029279999434947968,-0.03294000029563904,0.9464759826660156
1510504452.8660219,-0.003659999929368496,-0.032207999378442764,0.9179279804229736
1510504452.883056,-0.0058559998869895935,-0.04172400012612343,0.9208559989929199
1510504452.90009,-0.003659999929368496,-0.028547998517751694,0.9398880004882812
1510504452.9171336,-0.003659999929368496,-0.030743999406695366,0.908411979675293
1510504452.9341676,-0.007319999858736992,-0.03879600018262863,0.936959981918335
1510504452.9550445,-0.003659999929368496,-0.035868000239133835,0.9201239943504333
1510504452.972083,-0.0021959999576210976,-0.03513599932193756,0.9267119765281677
1510504452.9891555,-0.007319999858736992,-0.03660000115633011,0.9135359525680542
1510504453.0061994,-0.007319999858736992,-0.03147599846124649,0.9252479672431946
1510504453.0232327,-0.003659999929368496,-0.03294000029563904,0.9303719997406006
1510504453.0402677,-0.005123999901115894,-0.04172400012612343,0.9179279804229736
1510504453.057364,-0.004391999915242195,-0.03513599932193756,0.9340319633483887
1510504453.0744026,-0.003659999929368496,-0.035868000239133835,0.924515962600708
1510504453.091442,-0.006587999872863293,-0.03294000029563904,0.929639995098114
1510504453.1084769,-0.007319999858736992,-0.04172400012612343,0.9325679540634155
1510504453.1255176,-0.0021959999576210976,-0.03294000029563904,0.929639995098114
1510504453.1425762,-0.003659999929368496,-0.03294000029563904,0.9157319664955139
1510504453.1596112,-0.0058559998869895935,-0.030743999406695366,0.9376919865608215
1510504453.1766424,-0.0021959999576210976,-0.02781599946320057,0.9347639679908752
1510504453.193678,-0.007319999858736992,-0.03806399926543236,0.9325679540634155
1510504453.2107117,-0.004391999915242195,-0.032207999378442764,0.9420839548110962
1510504453.2277508,-0.0007319999858736992,-0.032207999378442764,0.9413520097732544
1510504453.2448602,-0.003659999929368496,-0.032207999378442764,0.9391559958457947
1510504453.261897,-0.004391999915242195,-0.028547998517751694,0.9406200051307678
1510504453.2789385,-0.003659999929368496,-0.03513599932193756,0.9384239912033081
1510504453.295983,-0.0058559998869895935,-0.03294000029563904,0.9420839548110962
1510504453.3130193,-0.004391999915242195,-0.03367199748754501,0.9398880004882812
1510504453.3338664,-0.004391999915242195,-0.03440399840474129,0.9450119733810425
1510504453.3509614,-0.003659999929368496,-0.04318799823522568,0.9384239912033081
1510504453.368031,-0.00951599981635809,-0.03879600018262863,0.9515999555587769
1510504453.3850741,-0.005123999901115894,-0.03513599932193756,0.9428159594535828
1510504453.4021077,-0.00878399983048439,-0.03367199748754501,0.9464759826660156
1510504453.4191465,-0.0029279999434947968,-0.029279999434947968,0.9464759826660156
1510504453.4361901,-0.0029279999434947968,-0.03147599846124649,0.9398880004882812
1510504453.4532542,-0.006587999872863293,-0.03001200035214424,0.9486719965934753
1510504453.4702876,-0.006587999872863293,-0.03952799737453461,0.9523319602012634
1510504453.4873536,-0.004391999915242195,-0.03513599932193756,0.9486719965934753
